id,pm2_5
id_ihxgrbq8bw,23.982057555958683
id_dg6s4fhiwe,24.576673853483317
id_f7hwwtmuzp,25.68932201572854
id_ioese5awdg,24.771604111262384
id_hdw320zpls,30.441635492308396
id_wnxl0jyxdm,26.888698412745025
id_irr46cfvrz,37.3361655504428
id_l3lg8y1tar,36.57910170440242
id_9bzncgu7ap,33.69401174413849
id_tq8gz80e59,20.803319710142706
id_gouch6j71l,26.559609883934314
id_gvg6pup3v5,31.557320575352275
id_xsyh8m7o0c,32.4840081817331
id_hsr9nym75x,28.262849667474008
id_kk2mprzws5,26.948817657312354
id_zztb716ruj,46.71360074494186
id_nc37c47azq,31.45051597099194
id_aq2zwrpazm,27.366741353723892
id_1if5noe1b4,28.457102774061948
id_9ch9qgghhp,36.1048421000438
id_i8ez1ppqtt,24.810786916239405
id_1gzede3sx1,30.853397030769838
id_c0cjjirgpf,29.360940173148766
id_y3cgdjsgq1,25.509709588658254
id_hqfk9eb7i3,27.171348200889994
id_heuv8vkjh4,37.057940191795765
id_fcoot945yi,48.23548840403467
id_h4j7gdpygc,28.185191277377516
id_0z5dftxu4p,24.263483516973213
id_0l3lpe7b09,28.44534382417999
id_q51pjcyt8q,22.487861670458788
id_5y5tak334a,32.60752961991584
id_ffpap9n3bi,38.98179782641297
id_wlrkf9c15k,34.26521872483585
id_i2rh9ih3f4,30.361323086989596
id_uqm3krxam7,27.623617377442372
id_3iwa156mvm,30.869098978721457
id_1lz3s1bdxs,22.35489417804962
id_jmqt01idjp,40.00560677619863
id_8gb7nw0rmx,35.44999884061424
id_4xwo0p10w6,36.92460764941194
id_m5bwlzsq1q,37.60906026212125
id_z4d44hh4z0,40.17203521606437
id_pmh6yxhfva,32.21868017947665
id_35d6qsok4a,33.82252926335704
id_77htjr9yc8,48.52381985123404
id_t8vdruehat,38.938073444893845
id_jckj5zjs3u,51.44698021123072
id_iaz7r7qv9z,48.80056839507334
id_uifln55ls5,59.847850299647135
id_d32frejzqm,54.40521339463896
id_exdub9ncvr,61.59891306889001
id_mxkrqowab2,56.677300445108855
id_y8ho5r6i9n,61.43210503222616
id_fiygo06opn,55.815380070147015
id_o3dfdr4sk8,63.82145748534056
id_akv54mqumg,71.18964801013514
id_h24kmkoube,23.36576754233184
id_x3hkwvtuum,25.879565418564482
id_w5yebgnpv0,20.150952345690474
id_0sqrmgfxq8,17.177377627075675
id_af7sxbklj4,21.95064704329013
id_hv5isckfyd,21.23270478109703
id_ghg0lmyh5v,33.106533594558655
id_wpckthcmjz,17.886346093606207
id_u8j139024n,16.121965062814752
id_1jadvwi51a,16.04469581515663
id_1gm8yzoyli,22.595462597782
id_qsbblt5w3q,21.75963612778845
id_51h39wnp4b,13.825622393355705
id_ny5f2xtwmp,14.786867359160748
id_3dhao9xr06,18.37547241321847
id_wwcepeo72q,20.891630527502066
id_aekpxa9j8r,17.641962617253817
id_hlshs2v7p0,15.840035410654966
id_csaw4okqxs,13.266436114364282
id_a57xn6b266,16.654446118778367
id_v6zbdry3ae,19.991325754885047
id_mjgt3wrumc,23.004195002953796
id_rb71ryy76k,16.97796370767206
id_rzzwlgdruk,14.78750810301279
id_bg7hzhz9s5,15.8381195052958
id_9f0xa0vpm0,20.58538534576882
id_x19qug1u9n,28.050060774631337
id_neebsy7lt3,31.13750342594415
id_k5jc67rf2q,15.646712516771569
id_6vw340icrq,38.26305720087231
id_rpzdo2jabq,28.759915205038205
id_3m8w0ho783,31.216267798426617
id_2ziuzg6bnw,25.85223941207415
id_4hps6472o7,25.484687171541605
id_9cb9qenzw7,27.78513975292842
id_6rvd06xnhq,39.63489456759652
id_22gpyw7j4j,31.999464224885603
id_970drtediu,24.09618806055962
id_oec1w7ootb,22.926450438590653
id_7onpirv1s3,29.576243715001713
id_8rt8qfy8h4,25.770531227415677
id_e69vc06bss,35.182035857205676
id_7dv4xh47cy,45.22293637174511
id_vfx2x5hc15,35.03258294411651
id_ljvpa6cdtz,37.65740781174969
id_faa2v5ox7q,27.249144042108792
id_t6xdbl4ne4,27.357973778564176
id_r2fdbsyh1n,23.143239799794436
id_jhwi52u0q3,22.178745366979452
id_55pa9g9m9g,18.738797791898097
id_u347bmckbj,22.76739482029684
id_3ygrfqgttc,23.09852712088427
id_z7heeojpzb,28.1241887508103
id_utgueavnmx,24.151078565091947
id_h2tqqtxe1w,27.090071354434922
id_mrdqqwst7r,17.627460562461724
id_5053tusxc6,30.88209118261496
id_h6t5tbsidc,28.454413122999387
id_4fs05d28s6,25.76949560303974
id_qye7jwpbs8,31.990476157719936
id_um00ew0g1b,20.197428958138058
id_fzvy60mdma,21.51902212325243
id_l7u41q4cr9,23.99286209723189
id_26og4v2wx5,30.68133511891484
id_b0a1xu6nu0,20.91406489204397
id_xumsw5m3ip,13.675074395120507
id_3ftig6nrpk,15.146612387850713
id_0ejl66y98y,21.085266322053553
id_ph0mqd3qdu,27.155215615497188
id_1j21vhuakg,24.728690561261555
id_9b866t3kcl,26.353279489825493
id_gm3rhu9jak,22.80607074722457
id_vldjdgbudl,24.096100408351898
id_sg9gnw6j9a,34.962296635482204
id_jy6wca6oh6,32.976456547447725
id_lgnofy6syn,30.639721339241998
id_g1j9pxh5yp,35.2220576213099
id_xoh80ei36j,30.844839679736342
id_g4idr9b72i,19.316468310991407
id_b7cn1tm7jw,21.859032711822163
id_3kkfl60mdt,18.620840082489142
id_3cnzembvt2,24.022367018358477
id_qh3hmxe3vl,24.448135663855666
id_dm2ngicucl,23.950562306883317
id_0pj7rbu5pl,28.733783153127852
id_0b7len9grt,25.073437766005117
id_lkjbthp6xi,19.181140800299442
id_msyur8bama,14.84691075467476
id_r6b4lems42,23.06628678693747
id_tdtmvz23p5,16.01808323091844
id_ucg35myewu,22.994769207125067
id_cpu27o1708,27.913960737520828
id_8g3bfwtmtc,27.48400779395216
id_lvwrewueod,17.452317216395553
id_vjr52dclmq,24.02635711902472
id_74lpfoxs1u,16.756598896906635
id_51ipsqq6fi,20.728942975736214
id_rgv5vz1wi7,19.473410677363322
id_xukt8h1854,23.61261878961018
id_pvjuaozpis,19.968223770745997
id_dpstb14com,15.114038510409891
id_hfo34xjax3,13.37975387956864
id_1xcm67i57m,15.635745052176485
id_5w78ao9f51,21.745366352751784
id_wjwp5bnl95,17.946110584105043
id_q29d5fhap5,25.260806429400688
id_stpxgfh6at,26.31475192100586
id_lp5fau1v5t,28.940281589168745
id_7oxqpk7s41,15.038221878768638
id_4dnmn33ra3,19.711918837636723
id_vxnrc9eyhk,18.941665683058705
id_ysrrbwixap,24.705872152297776
id_yhfx1lpevn,17.76526765550767
id_c6a44pvjv8,15.457424951763311
id_s9f3ml14cj,37.84103290358699
id_d0w9c0xp76,19.884686394621802
id_a9fbexs6qf,20.30068609674823
id_9wzfhpw4et,19.721007523308916
id_ryi27ogtvv,17.081953666907175
id_l4fl7gcf91,22.077874058578782
id_tkvbxrgren,21.777603611825338
id_1wkfcd4q6t,17.3982355404584
id_mc88pd2apf,19.237350862901717
id_00iv2sgwb9,29.674410235506027
id_e7lfbanu92,37.65426920007309
id_1mdkr0dgz1,14.504349482642844
id_evzlq1bdq7,20.325525122679707
id_0fzcmep80p,15.819580773012987
id_dwd9xbd5ep,17.244579960955427
id_845jje9evg,13.216745285844073
id_cbrgljomk4,25.195552163872353
id_xadne3g2dw,27.40028552450669
id_fdlsm6mg2z,22.988062227975913
id_r1w2mcb346,16.50288506171119
id_1c24ja9jag,15.638003309024427
id_h1v0nwz453,22.25464098238174
id_igvjbr17my,15.656503075043222
id_isnin8oj7j,28.47445867257503
id_lts441t4ge,27.805391391461132
id_7k86unkgbf,28.284604373195013
id_xs2ivx2taa,27.838119951363748
id_t8pxhu1lko,23.814392868970756
id_cncxlihk4l,27.30360809299098
id_u3n972yugw,34.69567130286761
id_5dtltk9ol8,29.208774027765465
id_2d4xbl322n,39.2493409843091
id_6ayd3hz9lc,36.01732051791963
id_fhedgc4ogi,19.20918324733541
id_je6xyskvqt,36.4523381813148
id_uqplr7i3e8,48.66403956359862
id_p2mep9skjf,41.273791317918764
id_klmztpbnj0,45.398117123036926
id_w8masqptnv,20.064202201294826
id_uqe5p1fz8i,48.978133302813134
id_vdcliffox0,43.94948036522807
id_suphbrot9x,50.57815753654434
id_qsl9hh9hbt,57.084668578410174
id_yorywxet0a,24.378516707146126
id_9rhbkh8kye,22.299214028126233
id_oh2pg7ik9m,23.579085405343083
id_u5xtrnbshq,24.81024401062459
id_pfcdhqpggy,29.81873185184907
id_rsbolu1d8s,26.423909664879208
id_1o41vsdb40,36.351303390589905
id_bthds7exkp,36.852301002404275
id_u2lx4hcr19,35.015294342662145
id_vt2seycroc,21.506707983501077
id_ev3xsimi3e,26.869500231386038
id_8wsnxwqlaw,32.12664768000079
id_jhks2agjzh,32.53394514070679
id_abc042gxa9,26.891520169961137
id_t39ajz3mpo,27.47429911771409
id_7l7bqpd71y,46.52186028651742
id_k9uhbcg8zv,31.13635645821571
id_kf067ifyeu,26.89527220379382
id_6axl9l8y0y,28.136793394790782
id_fknkdrl6fy,34.46181607252417
id_8gmporna5z,25.30305382630827
id_a4bmoty06e,30.306446304378778
id_czo0d13gtz,30.122044796630465
id_co7jt5xego,26.859932603021917
id_2x6lo1wgko,36.64188511502407
id_9wjap2et51,48.10977763191866
id_c7mps6h2ft,27.623874349111734
id_j8yje9gqi8,24.994154512879984
id_vju59tgxzh,29.18898387313261
id_8lap7ve7md,23.212730422796767
id_pvs9bs83s2,32.690489085410775
id_qdivis4t0b,38.91290619206096
id_6ihg5rmjar,31.93025880540554
id_enahmr353n,31.41562025698551
id_m5la6rz5vl,27.041313038122112
id_lyc6fznfhn,30.84194412587509
id_u15ftwfcl7,21.86766092320041
id_mjaugtu77u,39.85019045759313
id_h1bl0y44h5,35.11061135196583
id_ixfnpr6f21,36.92189420278807
id_37e3n0alew,36.76899026480986
id_mj9599i7yu,38.71356451267988
id_aq1df4iqdu,31.889496019938246
id_2e5mcgpio6,34.06061845601329
id_o99bic4pl9,44.779717962259355
id_wee03f0g34,37.87089030523171
id_ebyp7dsb2j,51.38998612611431
id_xrw2te1q07,49.48635209902915
id_e1pr3nswl9,58.72404054276052
id_20jn6yzhpi,53.80026428512397
id_ef9regkoel,61.497980429444866
id_ja9p3oi1ln,56.77321330526219
id_u4t0meqqix,62.14375569962341
id_ha9378tgsl,55.33594929040058
id_sm9fmjwje3,63.93050778631088
id_pq1s2kq7qs,71.18353283272718
id_zcw88t7w9n,23.65993558325272
id_9gqyxg4fuy,25.163147437169606
id_jlbv1pe7mw,24.818906122484165
id_nqkrnumlsr,31.167291008102563
id_vwov477zro,26.717094128124618
id_k8t4robso6,35.714249334972905
id_9574e2s4iv,36.56513260327537
id_g6sz61x3ui,21.010568239708416
id_65fdu115yz,32.44579212536422
id_jvvhzyikro,26.525287544408236
id_mjtm49jd0e,46.76801716984325
id_qisen8bs9m,31.20629928479727
id_4qcwh32n38,26.925750448377787
id_a1jgk8addq,28.686805011303097
id_eoh9eceljc,34.68344223553177
id_c9l6rfivhx,24.75253684479031
id_ity62l2ixr,31.655849346528964
id_b1kdt1v6wk,30.13070690852017
id_31slek226d,26.88871741557483
id_r5hynclox4,36.82839826317239
id_1zdag4te8b,47.79939252482809
id_9cji7mh5kx,26.71164533576373
id_pgt8lf7tci,24.690688575271093
id_9xwjmedzm3,29.900935227107833
id_qmng1j2b5t,21.72651026752562
id_lsjhv6dlig,33.47972066253561
id_5ei28dib31,39.11470072915847
id_djt23iw3mp,32.68616102161798
id_m9oojav91p,31.71977271243391
id_oivxgblcp2,30.850606237760157
id_0kdvltw7vu,35.57907299047325
id_6w4ajmwc5u,36.82920740590416
id_urkooowq9s,36.58045549720984
id_zj9z4qj012,38.64428123246829
id_8ziogga8ul,32.48381507578446
id_3p9o92k0y8,34.39195341080246
id_nys5746v2q,46.02756766883127
id_lfeylugwfg,38.6894165482648
id_doohdtcpi0,51.75041812927094
id_gvsxbrs2ay,49.49501421088718
id_tazjayaiyz,58.73504595097907
id_zrpmkxoezw,54.27422706575395
id_sqmq0975df,61.545689881301584
id_6lcd3eygj3,56.265031034773514
id_7rpimassqp,61.914056939997494
id_63ls321ztz,54.9429096018205
id_tkciymn5hs,64.17120307270066
id_kasmldlvq9,71.14507538039726
id_vlpyl2jer5,33.496921998352434
id_5qffgu5u3n,30.07904370313175
id_j988bph6z4,25.68488452840369
id_ws4odrtze8,21.95530653077186
id_wtahd5vwwm,34.14348364886497
id_07q159o6c5,31.07825533259027
id_zuwn8cdmpg,27.765259457568437
id_h18pxnwgaz,22.393381872416786
id_crcf47qz6r,24.21851943364709
id_s0472tpnvf,28.50023924080291
id_4x8344brzc,24.793622521045183
id_f3th0516p2,26.048519029871148
id_rq698snr9f,17.151863555958723
id_bqumy9109l,31.515267665401755
id_sa87ndj19i,31.92455253794439
id_l50a8gf4z2,32.05119177788637
id_d22097x7wg,19.770455575796845
id_o0l24mamhf,21.31600295024919
id_u0tbd0ho1d,23.95960771210274
id_jh9oqt4r06,29.954230253073465
id_s5qjht01ct,21.110841014899332
id_9jvayvxhsb,13.271617562353677
id_2ktyalo4fo,16.60953070801274
id_yytme869mp,22.301427642876032
id_qjy6t0mvby,26.99170269252262
id_vqx1ryf2ik,24.263703344992653
id_xlf2632glg,24.72827693028987
id_9ryn26zoyf,22.966797882955404
id_0bhupilpq3,25.890347468419662
id_3oog4p81et,33.07530121331001
id_7pwsq2822m,30.2996964699183
id_xco3eq9ewy,18.777902667754024
id_86pol7d8z8,22.364581463899068
id_4hq1smw4qm,19.661728580265027
id_mwm43tu1lt,25.37692120408492
id_egnnmgvz1t,24.628637335217668
id_ql3nhnzgo7,24.293596301097143
id_6yei7c05s5,29.337623884202213
id_37ncimqtl1,28.494778195447676
id_faigrj26mv,24.071497528843146
id_b8gmnur08k,14.783660991295214
id_uhkuycqlqg,23.66422318838758
id_hda4qbl82l,15.466151406936191
id_l81zesfyi6,23.67313381117329
id_8fw0qddr4t,27.982601230241183
id_3swlrvxi7m,27.157106649495677
id_2iq9tbz4bu,16.452997084838213
id_l3hzf7xam7,24.72452887276152
id_7yfs7z6re5,16.985412499077707
id_3qj7edycff,19.83165767002617
id_zz66kjwki8,22.31700688341239
id_836ugfrmfn,19.094011019837524
id_i7eew37mck,15.032726520955684
id_bxqgoacauj,13.895338023433851
id_0804vchmvm,17.218804159518402
id_o41hevo885,26.83969041806879
id_55ynsd7iob,29.074328429412542
id_xmnors3b2p,13.228038968263132
id_i0vim21vyr,18.158722685638686
id_9q4vgsr3t8,18.712223227919214
id_nzvtf8mk2z,27.085164379399576
id_qxhc5b04ve,17.23068821793434
id_bmoknxippd,14.908123183125728
id_y7pq8dp4ut,19.469647483897468
id_7ibql8i2hn,20.74358652948468
id_tbkdhkji8c,22.099205580187455
id_2xvazzddgt,18.822022928028073
id_vo6tjecx2y,15.171102358455347
id_td1i5lcg9k,29.51413180256409
id_ruc95ajmux,37.67426154045842
id_a0at61dzen,15.446776827642761
id_0zn9uivt40,19.81798459285404
id_qlx50d8vx2,15.811847318619598
id_u6z7b5cbh4,17.21006372366561
id_qruu4eejyy,14.118862976044067
id_9vwonnifzw,25.426229683038162
id_0lnfawjnjk,31.15618969855596
id_31uzu5wcsr,22.072659252697527
id_uzija37zrh,16.078867774219603
id_z6s5np5auh,16.977253174145414
id_p084kqcwjo,15.512862478344918
id_qvm8ttfb1f,28.39916877750643
id_yzoxe0nplf,22.65053671259362
id_n95r9k6tql,28.350541228790163
id_i6gb7eojjd,29.741224876528523
id_rj99alu30y,27.279059052112114
id_qlb79248k0,23.808486516314343
id_5gr1418j07,27.126460282257366
id_mvspb7k941,35.10549162778669
id_w5jw7d4cs6,31.794463817009788
id_ksu34mhpjr,38.506174069679474
id_rwz1uudt8t,35.21729423379867
id_q22kldhur3,36.77334621427781
id_2ax9dk8j9y,47.79496948265114
id_tld5diafyf,40.65054829108752
id_do4asz4s0g,48.0631345718124
id_3alewcubl0,47.13896614882411
id_8zu910kppu,20.106989909506456
id_1s9nyk6u7a,49.22378880411988
id_l88880p40e,43.812026033262924
id_hr17wz72sy,51.50039016481307
id_cjj6ks4lan,57.4040450122872
id_16wvcdazgi,23.36692346563088
id_iq6jofmcl3,26.496029104605995
id_tdu0u91xwk,22.436650374361026
id_62jccue0vl,16.585262194984804
id_3sef84eg2u,21.484190600677127
id_w0f6u87fds,20.996954578005838
id_jwcwkcbb4n,17.959427309911675
id_sipbb762jx,16.43892815658415
id_pw524o2hj4,15.681230355691095
id_qlj4brmgs2,14.059669256748599
id_6fw4q0j9so,13.658281156100905
id_squdps1yn8,20.097790466699777
id_92ijbpy5c7,17.643118540702343
id_5mdgs1tb11,15.795872454781975
id_pq77lq5wej,13.16025600183265
id_46mfsuetx3,17.179117468571675
id_l66xs53vq0,19.260708407028783
id_edk0v1a8wn,23.521430980706068
id_nztzaid365,14.405878676348749
id_1k9uqfcnfq,19.23993774980068
id_5rcti4kobf,15.642522268699622
id_al1l3ahw7b,31.18947552773412
id_3f3rzgujod,34.30331981535355
id_fr4pynhbb8,38.49136975158001
id_rnuqsg891b,27.326590657039677
id_3qw0q1r8qa,26.69438950308939
id_o84bqle0x6,22.889811551051096
id_han5yb04s9,18.395414517175837
id_n7pgevpqei,22.758017052206814
id_j0aw1xyk9t,23.211767504001347
id_xpcbsjawvs,25.011997310787866
id_y8vz7smn74,24.420585393582304
id_xtbriixm7z,17.50756690183336
id_l47atvid60,30.368470504287185
id_gqpbs3ql9v,30.742872384034303
id_mohvibrck6,19.377209753464083
id_m2e2vhsgc5,30.093230920008043
id_6q2dw9x7y4,14.788159512096048
id_r8hora5q1m,27.21228438918357
id_chvslqlmkj,34.267699171596405
id_z8b1es3pzh,17.1153707849189
id_crc6ejtto8,17.85805455584753
id_4hw7jthh0g,14.31306239950938
id_rtp2qosss7,22.88534287406978
id_2keurz29m5,22.806470834959715
id_5f0tzdcdu0,16.43596493936332
id_6g5cbmuktq,19.51333488489813
id_njm4qcclts,19.17924891879078
id_t8gjwi01yc,24.140110277782064
id_dfcidlgn6x,19.085907327691995
id_f7whsdcam5,15.115194432430549
id_hga8rjdes3,13.829734436861571
id_32z89yhhic,14.327279078314948
id_pza69wztdl,23.69789647617783
id_ndfihwmpp8,24.205383444759754
id_v6uj9ttsd9,28.42789777133307
id_qi267vxsvl,12.127744356218937
id_oezislbogz,20.540532608307725
id_yzmptlwk5v,19.622001723696766
id_1wgvveqkxt,22.899089664113152
id_hyunf795m9,15.458580874497667
id_9vmusmwa1w,37.84200985818606
id_7set4vt1jc,20.878946489626106
id_xsuqw4qhef,20.465732986213222
id_5rb2kj08fr,17.161955638346367
id_hub405wg5o,21.16198693566503
id_1dl4uombn1,23.148398861040253
id_0m5pjvhhts,29.402960579030438
id_wh6a14b72u,32.97149748570007
id_2gcokul8h5,29.382152524235483
id_ju5045k8te,25.68132335819666
id_lx8g1rejy7,21.796828302157575
id_xdcw1447i6,33.4577293496412
id_c530clrtlp,29.683842193890445
id_7bmurid7pw,26.870129005692842
id_z2s38nz9hk,22.127123629203854
id_18o8y735s3,20.95302761422651
id_wcox1ibc1u,19.185720302046274
id_8mteyw4ej2,14.73126149611442
id_yhr9822dsa,18.535209439942147
id_kx6r0n5p65,19.981441658100827
id_yll8ps5xps,27.85044933025735
id_2ss6w9mkjs,15.299444222608802
id_dywpbbt1rz,18.10137558472876
id_2sovq337ib,16.66374560095386
id_hl6vkdm5f3,16.20710577157603
id_7rweve2gtx,22.61733484682029
id_qenwsj9ypf,32.15359538403504
id_7tr958twwi,31.593498856994398
id_4pss24du4u,17.68763124947392
id_pvxshz55hm,42.642889037586926
id_hwn7gj0gnq,31.514765277146626
id_34w3aboagp,33.30394357843632
id_slzxbjxpdd,26.66196233734499
id_s9fvyed2xl,30.37311198732237
id_ojo4ns7rvu,33.15711866649711
id_oukj9m9l5u,33.75036715030234
id_4dncovxwgl,27.731522588704006
id_lhn0wnsi4q,23.978099009665772
id_8qzxmyj6yo,27.908775909614864
id_2st0ywh4w4,30.737196090260763
id_32luqy63su,36.60984657327839
id_oew67rrlis,21.51043641215975
id_byzy2benp0,19.18433673224788
id_16qarvdtx3,16.898035778115823
id_uxi3qu4l8e,18.841025751161034
id_vy83bxfo5s,19.94517223426907
id_z7ibc788zq,27.849065759745283
id_kbkbgy18jq,16.05922236908793
id_4zn86s4tbi,18.09999201376933
id_evx591r7y6,16.68173961580732
id_g6ojnnx069,16.205722201777636
id_7zixl3q2bq,22.615951277021896
id_0d9a1agg6b,32.11511067911809
id_3xt09a0de5,31.592115287196005
id_jbhh44km3c,16.913919554546933
id_5k2iegwee6,42.641505467788534
id_gibzm0hke2,31.513381707348227
id_zl5phiqojd,33.47305700651653
id_c15wxxvb75,27.037257118981202
id_dau6fb0sfx,30.371728420073755
id_z9dk6h8cfb,33.15573509669872
id_uvaqu4nzmb,33.23388090199485
id_qpglm1d719,27.67196485608901
id_ct64dm03s8,23.94010470262072
id_is4l5fwjuv,27.874581991724046
id_vh0bwrobbe,31.51128384239706
id_b0mjh0b71o,36.849686171497794
id_0bpne8ucld,45.522689410037415
id_kvvjrrryc4,37.86268554600365
id_n5ybzqzepc,38.92284481794091
id_jaimxbu1pd,29.62544324162447
id_0l0w0orygd,28.346772288939423
id_lv55afmf77,24.894128541740574
id_9mfp6fw6w6,23.952859168370267
id_tafpzgg3t4,21.220625462935782
id_tiipv7kgu2,23.62295114804724
id_kwiv66i7i5,23.65669200079456
id_nl69sct7fu,23.822049142731576
id_l74jt76ryc,28.40536789411517
id_bxgj47nybk,23.861244520938516
id_923xwmt66s,19.09123300715034
id_aq97mswwiv,34.42534248044859
id_4vrb5vlcz7,30.763833663095642
id_xayf6v05hn,25.873897298515327
id_8pk1rf7oxo,32.49406440377109
id_sq8128da6u,22.061835490022982
id_8ihfuq3i8d,23.76812474837502
id_87jd29uf6p,25.274689541154704
id_4xpx2dt8ki,31.408245746691758
id_hqpr9h9axr,21.302906830417744
id_1k55ze4pps,15.348732778226424
id_2znei70wfr,18.584083559492417
id_9hhcbap87f,27.362947681428032
id_hey12d7qim,22.95561336200301
id_lh2vl46a2o,31.696856921721466
id_yr2wo25x72,22.929696940998358
id_t52himkovl,29.32661625937914
id_7tvjar0eff,38.696131873120706
id_i208pdedfj,13.024267917888682
id_d77mj6yxxd,17.651314354977156
id_jh49madd8v,18.01353759302221
id_cz441c0g6w,21.2447870263701
id_l9egn04p70,14.91450166469571
id_aof0geeadz,52.74738123274862
id_l14us4afx1,46.03621643266975
id_cyjw5nlwm3,50.68852934451364
id_gzuqpix1lm,59.79535931641152
id_z09r8zdwpl,21.508772036156873
id_avet97ghyy,19.182655329471498
id_8xxxnyrpzm,15.381417130305248
id_5mzgmww3um,18.901986418878394
id_8vxge8fi9v,19.94349083189999
id_jnw9eiv9ni,27.8473843569689
id_gaui5cuwn7,15.296379247483742
id_bk4agfxg5e,18.09831061063256
id_5si10x4q6c,16.629153539928136
id_e9emj2d53x,16.436299333987606
id_9llllv5i9s,22.614269873430246
id_mndm12zy06,32.15053041197004
id_2pxml96i79,31.590433883706023
id_oi59maxbit,17.48431155903174
id_tf7klyuj5c,42.639824065930156
id_jf1h95hidf,31.436833637998422
id_4njytufcfi,33.240319465362404
id_2zbs60m1hv,26.65889736548497
id_kbe0e397n3,30.159841998359067
id_attl7s5eit,33.27747752447972
id_jyqg51mks7,31.735351749030738
id_yvtlt4qsb5,27.571529328029943
id_ququ54p5qn,24.583575538929182
id_b3olj60ip0,27.905710937754815
id_ucm77r7n42,32.57554809276837
id_i94hu4l2he,36.60678160070361
id_sem18a4eih,47.044055272194996
id_iu4c2k0vqm,37.825765838630005
id_jez7q9vvpv,38.921163415878425
id_0g0h5fvenr,29.401005970535746
id_leyce5nz7b,28.03708410264279
id_ctiuipzphp,24.892447140800403
id_1uq7qu2no8,23.95117776488087
id_ag7p6aauq3,21.218944060159398
id_4v2gdi94ys,23.505408379990325
id_oiz391vhbb,23.490942924651986
id_dkh1dm7jv5,23.820189044027156
id_xp48k28xsx,28.40368649225647
id_8hzzltjopy,23.859563118162132
id_jxwkemji67,19.120844539305633
id_9e6zoef7pb,34.70810130372932
id_kw3reqh73r,30.762152260319258
id_i3soe2f356,25.87221589737121
id_s3sjs08z01,32.76686821000422
id_wgstp1qsjl,22.060154087246598
id_c79996j5ij,23.766443345598635
id_xyptp35mvl,24.887116461448283
id_psuhom729k,31.406564343405247
id_pow9jv5ucp,22.797772480448177
id_6wvbbh34gm,15.355799254323255
id_dt7c3hug70,18.596917918248618
id_j5p89q7hag,27.318336667891174
id_kc953hqc6u,23.025832178155774
id_lc6edh3b2s,31.69517551782435
id_9spkaqz73s,22.943896435825277
id_3htqh6ssl4,28.885364218672386
id_zc1ovm5htd,26.46031875934152
id_w7wwg1utwa,27.162378838006507
id_25epdpbix4,36.046841820024895
id_vs0hncomou,34.25510293215754
id_reegezw0zr,31.566384794714804
id_f6x16pl89y,36.48085096165809
id_9a8jkl3m2r,37.32731711368842
id_hoz5wrgxox,21.252457495648255
id_5ziz8chtiw,23.238590916867
id_l1g99w61j0,20.915330723952362
id_40onwzmie5,22.0947102464941
id_wplsrqbqg1,27.094404975034074
id_8zk238knxs,26.58325700592125
id_0u52beiaqr,31.592884405626474
id_g8dmi5cj2u,27.58950538676459
id_qvb2pi3nbx,21.675970197757877
id_9ocs33mybq,17.256486802969928
id_le65pdwgzs,21.043564206092043
id_kj6oinfm9j,19.83906424451141
id_tiqxiw34y0,25.82279728962875
id_j5q5ukj913,29.418867963542475
id_wfsqr784ue,27.83769551229823
id_19yb602oya,19.214884119460503
id_p5abbz6sni,26.691431051353135
id_sj35fk9ewl,19.46620765303506
id_asczdnpq0c,22.94900777346879
id_bcoprnh1dh,21.56217312786742
id_4hnps4a19v,23.75696187585372
id_slby4mvn69,22.421790268576327
id_fdcwmf2mqw,19.641099897719812
id_pc2ol1dymd,15.62584730301667
id_72hn9xr2mt,17.251045348244844
id_ooylyenf74,16.3489343767262
id_7c0tvcd4mf,22.8748354117953
id_vo7qco3vo4,18.565528543265824
id_tyda8qzu9y,24.70252986740774
id_qjo74p50vb,25.933512578544313
id_qftdjlnuxo,28.45288275728395
id_8zkhvf7knd,14.324146870243563
id_zjdfiws1ze,19.452485991501675
id_km0396cm8u,22.389490122133783
id_0zb66667qv,26.11990900046409
id_xkul5db55f,19.367942628078623
id_0882wi4vll,18.412069406491796
id_vyjoukh7a3,37.264878580457534
id_mgzj7k2c88,21.77655863105385
id_mj68hapwjy,19.100254836967306
id_4k7w1huz70,21.351166912833914
id_cc5r73bssv,16.775718246948724
id_lpc3qqqc79,25.04992157824956
id_dgd25e5l5n,21.24656606210552
id_2u5h8ssj8f,16.811632959646627
id_qekvi0qhbi,20.144810283150008
id_7t5rwbvncv,27.647112220731707
id_wip1lfenhd,38.69401755978711
id_fz1zlhsz58,13.022586515112298
id_fzhszn9qgh,17.64963295230366
id_drhboq2o8f,19.08324655187406
id_67f2qgxjr4,21.243105622831717
id_c9jyqp5ts3,14.59478527132918
id_o5nsm6bufm,24.77801927441053
id_fliahadafe,29.951740464879233
id_ljzcxva3j0,22.283604526267514
id_4fg7od0p2h,19.507196820752096
id_r0bgionrrx,17.532804487951143
id_5mrclq7yja,23.59520068807692
id_v6ji6xpykj,15.133584946683111
id_gzxccfruiy,29.614443647605118
id_rch18sl7fq,26.085998940919623
id_dycgsa1kum,29.039665079741397
id_dh2z6cu6bu,28.341395766800655
id_b3ij5seund,31.326195495148735
id_tziu881h86,24.338946024585915
id_321qju313s,26.04636855820765
id_dngcm1ubxs,36.66622683518844
id_vu0rtf6isv,31.44865187024431
id_tzfx3hbsak,40.868362775221826
id_rhg9ghnbc2,41.46361475702719
id_9hkqfrhrxo,42.093574001779615
id_1s9fc94wwm,49.753350055492334
id_6l0a121qin,43.945199195642516
id_iblicy6lwk,50.62471030034531
id_galqj45a9w,48.92316984282084
id_1dg8zj0o7z,52.851432369518974
id_9x63i9uu20,46.78109745160637
id_n4mgwkvcyo,52.273983432448645
id_h9o1enzmn6,59.7936779140435
id_4utcad6z0z,23.363655033949893
id_faw7vd63nz,20.160709918086543
id_bfmddpm7dk,22.107764798673195
id_zsn1j1j2ex,21.22916542842133
id_hnknralqvw,15.94848235920643
id_j3s4dhvwvf,22.688952970658004
id_nb9skm42eu,21.75752362069466
id_e30vibg2cr,13.607631741340658
id_hr07rxuwnk,15.145808384314876
id_cckgjin8j4,18.489262095923667
id_1igqyragk7,17.625306781984992
id_pbbqks4896,15.827633339323814
id_yglxjnnnmd,14.15748405322584
id_akkkm90ju3,17.48818808750852
id_pnw5qxgci5,20.593210834296944
id_ed8b146zq4,17.706836447936922
id_dog1qrt65n,15.886638008422658
id_4iko2mf9m1,14.68298676572497
id_tf16irhnxj,19.381081928568943
id_z8dbvb7mld,28.047948268353924
id_hjojye2bnc,16.18463310406798
id_e74fkffny9,38.94503544608291
id_96r4h4wquw,25.383474015760367
id_n8zuiv730d,39.56059706181239
id_q9sf7h6id3,23.042854455851867
id_1ahz3wcpza,35.408571692036546
id_bij6rb0yyc,37.67924901597465
id_rj67797cdl,27.13197295609132
id_nfgy5cs3i7,23.141127291782443
id_2gg9612372,22.112517272139694
id_rd2ycsqjqu,18.736685283886107
id_yhyq4hrrvo,23.04318266172861
id_cugq7k2136,23.535890739426975
id_6ztrbzwf74,24.148966057795032
id_b3864dngn9,26.991341561441377
id_fslinj6lsz,17.62534805261341
id_nr59rjq353,21.516934113036918
id_f937o9uhz5,30.67922260926971
id_pdm9hc9akh,26.98192031017302
id_hlaacmpdc2,35.21994511146093
id_43l5b3qppy,31.789874853647365
id_nhboyjouon,21.087881646294882
id_e9tjlmzofe,21.982919187167873
id_uep5kutr80,18.778323179287213
id_xdu2qkcn9o,24.476677495110813
id_7xqj2zy62f,24.2619517501142
id_d3txp6ww71,25.638270548703705
id_kpr41h1gl2,22.256999883454473
id_eeu9sw0k2s,22.19082955998466
id_c20q8ikv7t,16.012336510065904
id_g8oqjuggsz,23.369420132258035
id_2nq4naxlui,27.481895286756544
id_qny2l3j2li,16.754486390732804
id_vvea9k8tgz,20.778555760837687
id_t009are3zm,23.49494559837436
id_uzuka63dnk,15.48358502717111
id_rkhciqi5gp,14.736347201241507
id_9qs0u03sne,15.934503247208898
id_beoswwa1jg,21.743253844739794
id_6yzetfd0jr,17.870276107825163
id_ip144xmrio,29.233596974131142
id_y1jzpsul42,18.551496028997104
id_irudkpu9cg,27.02571872322691
id_43ve2f04z8,29.67229772820878
id_4gby11apzd,37.65215669124488
id_brzm1fa82q,15.66911209754365
id_cikkzszzmw,20.323412612832172
id_93uc5zchkn,15.815641158056142
id_n6z1o0dpy1,17.575783316808412
id_r9li959sxm,14.027158934265294
id_om1wxt4lrr,25.19581650700277
id_kj1k62c4hk,27.39817302088638
id_x9m9yvh87r,22.985949719963923
id_xraq80851o,16.082661615492935
id_hs3bu1nmse,15.543996623476122
id_w183sk05qy,22.252528475085033
id_ctdw7mpo2o,15.611580717931908
id_ycnd040s0i,28.472346163643785
id_bhghd6qnsh,22.655576182650936
id_yly1mkkcmj,27.88395581983959
id_bhcer2s6k1,28.28249186263056
id_ts9g0trocv,28.287007922117176
id_1qto62qavh,23.812280358406284
id_0wajzy8ts6,27.301495585693594
id_wpu97wbqk7,34.71294145310169
id_zmyx8uismd,30.085679653558376
id_nlxvai48i7,39.039161199413016
id_dkdt1jrmsn,35.52246265126634
id_8kq3got9a1,18.89758299989286
id_lr3rz1e86g,36.77714005718629
id_6kzxrawpey,48.776192240624766
id_xwyw71ldzx,41.16892226270092
id_kkivrvc6dv,48.56029094468667
id_94wuxmw8rb,45.50556989467894
id_3q8sdy56bq,20.11078375282343
id_oc2m0zmgnw,49.215907308785205
id_pwx9pelurg,44.08187657138372
id_acjbfx8dti,51.25405834906624
id_eum8a3klcq,57.40783885474016
id_444jxq8ki8,14.106608016455827
id_fokwurehqu,18.317553022668548
id_20s8fncc9t,21.08048661882662
id_ifa0c3dcm4,27.862579300774744
id_bl23vucby8,15.303004771946103
id_o1949nqyfa,16.43490185613256
id_y3f4c5fs4z,16.533314671556443
id_kdox62iiap,31.597059404700243
id_r8f5l77m7z,17.52165102495288
id_6xieqd6sjk,41.262951075789715
id_g3poszpaqe,31.631987551385873
id_tv3dx937tm,33.18673718762966
id_kufhei9qi0,26.665522885764435
id_6xvj9dnlf9,30.37667253737393
id_977w9neez7,33.09665231308823
id_74zzcs47si,32.89839387987023
id_dkzrsecwur,27.90515216157554
id_fzaay03gtj,24.49750162943757
id_2qlkll1nti,28.667210655479106
id_dkxo29nkhe,30.740756637965713
id_8z4hu1lzg6,34.92768209475868
id_bketz8ikkp,45.5276335289694
id_qbn6ng2ro0,37.714847140734534
id_pa1p75uuos,40.437957998246446
id_hgfifx9q4q,29.40763149326403
id_kqxhxu0vxw,28.35171640787136
id_eso5h6en02,25.192596738601505
id_tcnlwhm6by,23.957803285875094
id_2jgdesoznn,23.368710586026847
id_q1prt1nt1v,24.349237741122234
id_bpey1bdu4z,25.03763224492476
id_0f17xoy417,28.227914280130648
id_benw0ms5bl,23.86618864170632
id_ovvvd62h5n,19.096177125368182
id_8w0x0v8vc8,34.23049496027869
id_sr7nmu5cq5,31.763264990360707
id_uz69dxquyc,25.962784192524342
id_058qup1czp,33.12903940892137
id_9xdm5pzodn,22.06677960895539
id_9xiabniu8d,23.773068865878717
id_e8ov3f0ec6,31.440459213648847
id_ztov1dasd7,23.275396337990568
id_u0dv0t4gc6,15.113573248257438
id_vaexseqp4z,18.214312138084235
id_5e4jtn2k5u,26.94915261867733
id_g1f5h70z60,22.702144397976653
id_ei0npa3d51,22.918964976969836
id_w73v97w9dd,29.759614142224788
id_d01h6zb0k7,25.440596219152358
id_hajvhq9a9k,25.545439780225543
id_wfej53asol,36.098983692899566
id_wkxp2kkhas,33.96838521987307
id_4nx3hdlk3f,31.709833417818967
id_tvruaym3ou,36.20890750763327
id_mdja9rpbvi,37.91023762053706
id_v3lg566peh,21.13964638158202
id_5a7one1voe,23.365661371410933
id_uzwhiiojkc,20.490198110635085
id_13zxbv2bo6,22.101335769121025
id_ex6nijku46,27.367536120013213
id_7dpkk65nit,27.222308119241518
id_g3bd1hun07,31.733452220902404
id_suwhca6van,27.372513327685088
id_nxc1tmyyss,22.22660722542455
id_eikgi2kr2q,17.613531442940523
id_n4o71g7yok,21.05018972637237
id_mpq671lkla,18.468955410448064
id_k8se7sutpt,25.091340081633152
id_i92idl2arl,29.425493483822994
id_5ingz959i0,28.197443801569648
id_bgw3i6wwpf,19.332634801786703
id_80ixty8tal,26.333047207653124
id_0a4e9fjk97,19.655981065695144
id_lbmmt6ea89,23.14158565194324
id_c3flrt1zuh,21.425615208119243
id_cvs2kktyxu,23.9650947941973
id_7mtozwwc20,22.428415786817762
id_dq086pe2mx,19.64772541871404
id_3oa251xapn,16.078442049331947
id_felfdwexf7,18.165073935792787
id_hxzxzh2uah,17.32953538302584
id_7e9nhjb559,22.73066881035047
id_yjzowwtt3y,18.572154062832812
id_kc77exs6rd,24.709155388401967
id_du9zmbgca2,25.495909750289947
id_j4jhp6ymgs,28.92486323180734
id_m5the81w7o,14.383305183927202
id_1s8k0qheno,19.212100123285804
id_b6q1wkhds2,22.50866188855846
id_cz225gdeoi,25.561416162595137
id_8lkvzskxdi,19.384071602841306
id_t301lndtpe,20.232771806018594
id_uzuzt5hcyv,37.271504102738646
id_6n47hvxwoz,22.91054039869316
id_294fhgybq2,19.106880357961526
id_pvdki2lfbt,21.2080012647215
id_5yosfti35o,16.782343768861036
id_tsf2ykay6m,20.686332409868005
id_pddkles1x0,17.92039495986924
id_ypzvugg3as,20.730038803487403
id_ol8i7nv30f,27.667845476934744
id_md132uwbf7,37.80269390069326
id_b2y24168l7,13.711686074438607
id_4yvwmu8cxe,17.657315388449522
id_tmy3b6ts38,17.471486942398673
id_cbq3vn3m3o,21.458952416260455
id_a8umfjb1ge,14.65438567735772
id_8oqx4hgwe7,24.438214728491744
id_y5f8v3s580,29.240945801222495
id_6kf89wa993,22.627854297771908
id_h7yzht6wq0,19.52806497246927
id_95brnbo0jo,15.86230163039967
id_4hb5judkxv,23.61245880708669
id_xun5oyhgjo,15.290728144194055
id_kckpnat31g,29.62106916696541
id_otccfrhvvi,27.38088135938854
id_jn6u5c5cjp,29.004730404234433
id_v933ue7kf5,28.206039345313993
id_mc2i376rld,31.1880983642635
id_9r05mz0idm,25.507301362606228
id_3wfdiqgoxw,25.500651234814132
id_c1n58uu252,36.799736187299345
id_7p5lepxj6a,31.12014860840883
id_lrkr587gkp,41.00879212275012
id_kvnb8ekvum,41.5300410814375
id_mqv32adp5x,42.40636280103354
id_20korskh6j,49.825589948927345
id_78f1la773c,43.388201059112305
id_9jtdzf7kcs,51.62531877432643
id_52juzapqcw,48.71114732924016
id_li4wcjkc21,52.96308072027196
id_bwle5dl0sg,46.069258444583284
id_7jqcpniwxn,50.71421731826007
id_5jbtohx3rn,59.80030343462937
id_odokt2hr7x,24.188338296582646
id_kw3winhwi7,28.46888794007935
id_jj9rbh612v,24.792242318253034
id_26j0qg7uea,26.74698298079276
id_ycnpcmmjh1,17.484718856474124
id_7vaqpmlhsv,31.5138874626096
id_c9cup5eoxe,31.17521776598699
id_rxl64ozpc8,19.798973546610995
id_wlrwnnkbc4,22.115073354147054
id_5v07yr6kc5,21.109460812107184
id_twzj5jj66k,13.586900746117164
id_72mxu4su0c,26.99032248738268
id_c25uc85sjo,24.39328495898499
id_ouv903vao3,18.689888414162315
id_zyln20zouy,22.331976480278822
id_gl5zw040r9,19.660348377472875
id_g8wutb862i,25.375541001292763
id_s8gpkg7qj6,25.195981170717726
id_rmsthvc1sd,25.99488533196161
id_ke99qjo5z4,15.201938310672325
id_77oq3gka82,27.15572644670352
id_d4rug7fs73,20.773381717689578
id_0q4rgwhh5j,19.09263081796504
id_6a84c2y7xm,15.031346317142386
id_6q6h59e1he,14.486870810528956
id_dv8a63xtc0,16.217909548057218
id_27ono5yevj,17.217423957550235
id_v2r3sg9n1j,12.974285920194262
id_3p8yrwj992,27.119101494812544
id_wk8q5ydpwc,29.615770670374506
id_xddq8x5dw6,37.67288133766627
id_sharv68cbo,15.479462169370432
id_98fux0thhz,19.816604390469248
id_ago3payk3b,15.81046711582745
id_2bmny3x2l9,17.20868352087346
id_br2ieejs8c,13.986418450674503
id_weseav1xhv,25.407517698605627
id_qwf1i3cj7r,27.81910789208287
id_4fdnb4eyjk,22.727400244656717
id_khcy0c8nrh,16.07748757142745
id_kjsl8ka1vy,16.814919389786642
id_1s4emym39i,22.247354429077394
id_cfswxplen7,28.466956829014695
id_ri3sgqw5vk,22.649156509801468
id_w8xmcsup55,28.34916102599801
id_oskrymtnrz,29.739844673736368
id_a5nzunklam,27.532903650996797
id_okj6k5qcws,23.80710631270565
id_ja07tx0n94,27.176433192207146
id_1cu5omuey9,35.10411142499454
id_ph274c2i2p,31.48538488429278
id_sx300bfhv2,38.504793866887326
id_xlkeen4coj,35.21591403066657
id_bhdjsv4g5r,18.89268376916251
id_doxq14mqw3,36.77196601148566
id_fbog8w5ysl,47.752500307155316
id_nf1gsgtgns,40.76865433082381
id_10f0mij1yf,49.28547874517972
id_m5e0u3d68x,46.49597436162988
id_x6l5iwtgrd,20.105609706714308
id_eyx4q4fnev,49.22240860224818
id_4lfxjvfjkw,43.81064583047076
id_32u710vh61,51.457693631285466
id_zsw4618nnl,57.40266480777335
id_tzdmb15txs,33.321327508536825
id_6ngwi1vl1h,17.6706799472263
id_cqm8i6ol8g,16.784864551836225
id_l7eneup5t0,14.24973072295759
id_sfbjw9ec2z,22.34663443320334
id_j7jqrbwmi0,14.074636705997772
id_wwdzrwgr58,16.916874662019243
id_kk82r8fpuh,15.868025006625594
id_wat59la3q6,13.273163828185286
id_xhxsyxysbf,16.402499931413416
id_actuxo4gmq,20.09608786387703
id_6qitjn8c8r,23.27771248231488
id_jdquy1lxet,16.98469142149306
id_g5325vgzzt,16.104992955630234
id_c4zrpwzc4a,14.622846886948828
id_t5anmg4v7v,14.975025433572043
id_9af0ydgl1s,19.431720397564604
id_9wwxdbqekl,15.701187496763087
id_dtzemr8b33,30.933354848402
id_qye7rb9bbu,27.604018807849975
id_1s38ze4v8w,39.581160688229915
id_1doz4c69ph,32.22872687331272
id_18tg20wg54,25.06581894571241
id_mf6s46v1uw,22.83268396520714
id_krkw3iqkf6,36.133918570768444
id_tcql7qm01y,37.80200745866465
id_czit7flk3p,27.079324273321088
id_67vafahcsb,27.249164403410234
id_ocawwzqkj7,22.35181588846189
id_6hwobiyszp,18.605928622719194
id_3hit2vt54g,22.294035875691247
id_kxjx8xtw71,26.45872233204887
id_ujvrrf4kx0,24.157806278912947
id_p7m9x0qpi5,24.90464472732347
id_b2w6gxhazp,17.52674511755999
id_0glwf1vle0,30.405807746511417
id_h52hj66b1j,26.725029011012364
id_3ykb55avzl,21.52574983533739
id_4140yukx35,23.268075263529642
id_ejschtytb2,13.681925563316856
id_bt8l5o5bpc,15.094399016363251
id_01tyqteuzb,32.48448668123318
id_xxtlit8f06,30.60319294428886
id_neowy957qe,35.00466145957745
id_ld5ad63fk4,30.66164282693237
id_9wphwvxjbh,18.109628835359526
id_bjwf0gk35g,22.79918144542449
id_nk6t94cwcj,18.627035797735235
id_c00v9db3kd,24.03571003925415
id_qljfbbues6,23.805500605611353
id_8l8rdvtd4z,28.783891709209616
id_ucd95ihefb,22.196138653832467
id_1h25lc42la,14.416301222003217
id_7rkgygr8my,23.07301450075847
id_qrzcnk9cb7,16.076649740754874
id_3osclzuma1,22.991341682546363
id_j7yo6gfpr7,27.63470283014289
id_m8zu1vzawt,27.490735508589538
id_bjboh76f83,17.40434074026641
id_msmgdqfiqk,16.440125722553045
id_9d9nc0plgr,20.73567068720862
id_fnstzi3enk,23.660366894016953
id_3h9gnh7is5,20.36410029934548
id_ymoxc4wuvj,15.492425249717776
id_diweogvo4x,15.647794291493469
id_wl3mu9y4pt,14.882373519630011
id_cypiwo10y6,21.70944348510231
id_qh3anhhrlw,17.974759412012137
id_83z9c83r5i,25.280054936379983
id_s1phnl1iyl,14.776874983968852
id_uqoypd8y4s,18.25945494644557
id_e1c84vnzi4,17.95848956563042
id_duvrjwe7j4,24.193435066560593
id_cpaolr5w71,14.862673953505922
id_0gez5n5up3,37.86034206798432
id_4dxpvc7v0t,19.89141410915732
id_wy3b3kwp1u,20.769959014031667
id_kcz6mx2ftd,19.42055288737223
id_s2azjdfda4,17.07979844571197
id_7zq37bq2m9,20.63893788077866
id_80ps7kboqo,29.93483309375672
id_wdp8cocu50,37.66099691307788
id_gxnloqrtfy,13.280808495292238
id_98zx0ydmal,20.365763756806714
id_ikydapbjg4,15.709092193261984
id_x9csxregb4,17.58462353935666
id_x726sqebnc,14.673601259726741
id_embux96a8d,25.662359915737877
id_n3zi21eakt,26.91602335423757
id_cmzvbp4gp1,22.309810159436196
id_lh42zi0nvd,16.32052237972461
id_lq6ofubnzh,15.46966392617005
id_ak1gmocab7,22.965097056197024
id_j2qbzdu60r,15.577507725809006
id_4s7frhrx0s,28.19902285384299
id_swwnl6ehwx,23.427986043457324
id_0dzgrhmq0i,27.777482075016447
id_bblmv4qbuz,29.51432330893699
id_ns1udfi49f,26.89998956429469
id_3t4mu9h9h8,23.821120580239278
id_np2i3652hs,26.537186334292628
id_0m1hyk0i2t,34.74095725797997
id_47086vwi8b,29.215501741586465
id_w1v8rlefq7,39.03820192028374
id_p24h3f2r8x,35.48039269323988
id_dlxm63a09x,19.984253952290498
id_ri94vbx6vg,36.455825217084325
id_wi9j0eune9,48.87372519764486
id_0z2yz02gho,40.461150213936705
id_013dywijcw,47.532247833040785
id_whd8ue3507,46.57227766128152
id_wmd6txw3qp,19.365475516484583
id_2uo9nruooa,49.02214083985011
id_cmezkcvthd,43.211749255175576
id_k00w57rr6l,50.584885252918156
id_rm817jen6a,58.30501722999186
id_l2wquc1lyf,25.33472775019555
id_f2ayymfg06,17.594806343656344
id_2xwro4u4ib,21.23182391892659
id_s4gcy5ldea,16.789398356207883
id_llxl5vedjd,15.908293594837602
id_ra9rzjf8cs,13.610290233988017
id_06it7wxay5,15.186868958496603
id_p358wai3ar,20.892176512137432
id_63q6x7rc50,17.13881265897406
id_yrqlregvfr,15.83029183452226
id_6ey2mcbqfl,13.266982098999648
id_xz9gud04ug,16.59408667235828
id_upa56c1xqo,20.551868387353487
id_apci48cec9,22.961392819631648
id_ivaqozbhfz,17.70949493987034
id_5r9lkzxt5l,16.098811226444596
id_q9fyy5hlug,15.839285588356386
id_fia47n8arx,22.92699642322602
id_c8ytbvxreg,29.64989377127691
id_715d169b93,35.18258184102427
id_i41soezu3u,37.71364532975478
id_ghl9lkmkbc,27.316763831266346
id_jhwg78mhs2,22.74519865469129
id_mbp1opp105,22.11517576433263
id_tpecaex89x,18.738262347636596
id_gkqkcuvhn0,23.04584115509071
id_jl7cx8vnrz,23.441529169790343
id_z22ai1ufxc,28.044614802263563
id_cf9eqd8nio,24.151624549727313
id_4nvfqr7bwz,26.258802159991934
id_styx2evpu7,17.62800654709709
id_r4qfxsd6qk,31.058848765641056
id_6ula6jqx2d,28.102288784512414
id_ab11cvvhj1,28.95582100606121
id_lru4a7apze,31.99102214255841
id_1h8qiqvba3,19.84418883428957
id_jocn99q8x8,21.51956810533549
id_yqd8by9too,23.93765639012292
id_3vo780asu2,30.681881101917067
id_t8qspqxocv,20.663259060837657
id_fxt49fthrg,13.675743834131222
id_9hsvvxccfs,15.366663766395593
id_mdox4e1wm7,20.748669964862202
id_e0v37gnrdc,26.882318565781734
id_4higx88y8s,24.72923654589692
id_dzdczy4694,26.35382547446086
id_b9cls7es48,23.27228183188684
id_ii1b1vx3v6,24.103279866641596
id_qjkp2dhlfd,34.96284262011757
id_4tycdb5q0i,33.081753546315724
id_enssz42xj6,30.640267324795648
id_j2lnxkjgor,35.22260360594527
id_d1kz51qzme,31.594514493395476
id_93y706i4uo,19.912521935136457
id_uo33uxmu30,22.727594239016945
id_42uhyp7b1d,18.682703977369076
id_557lj2gncx,24.022913003810697
id_g646xm5v36,24.448681650124218
id_3u2zh5sctj,24.26461024204676
id_88m5txqfk0,28.760474473130202
id_636veo7myp,25.379401572008955
id_mw8i11x4p5,22.799445547916065
id_i01umxhgoi,14.904386936699975
id_7htzho5nfe,23.066832772490724
id_rqvyvvqjjo,15.977218236886099
id_3sw1g6ujkh,23.159977401543085
id_7koyjh6lyz,27.906365870480403
id_h33dmmxmxt,27.484553777568003
id_b4zqx3ey2e,17.45286320194936
id_rigbnum9jj,23.26705297038299
id_hwnk2tvpjh,16.757144881542
id_3djm31ze2k,20.73797755012575
id_y1b1v2oco9,18.875968664636385
id_uiiqit3mio,23.395833879835184
id_qjv34s9tgs,20.357918570159846
id_mw1dkfs5o5,15.486243520532135
id_zgolsofwkv,14.739005696439914
id_gntve7cvte,15.86754026326997
id_mv1hwwypf2,21.74591233738715
id_66vowuru12,17.9685776820026
id_718x53xw5l,24.81118472626785
id_y5duq02fcq,28.433794782390503
id_nabflglwpr,29.23625546606431
id_m8gl9o5dbz,15.07894729194398
id_s0yzedmwy0,18.69362278856941
id_n4zpk50eng,18.94221166748994
id_bf0mqyujkg,26.75386281297489
id_db6l9ymytu,17.76657271774806
id_zzhsplt3ae,14.877288558171653
id_gxvybxvz61,38.26760686109024
id_2hrjgfgo5c,19.885232379257168
id_qnvbhvfvfh,20.00854989941818
id_f4j4e8toay,19.414371160738657
id_yh8x8izood,17.080210857988913
id_r9gbkhu2zs,21.8821712771175
id_hzuko4hsbs,19.09260177856539
id_4akcsf7v23,17.398781525501867
id_y4a4bry0za,18.834527026161
id_juefa18khg,29.765077834739852
id_8pg965n9uh,37.654815183892254
id_c1qncxdk14,15.634624972330855
id_fxdpjby57j,20.326071107315073
id_maxuuv6qwy,15.771415255041862
id_hqp1zmq2rl,17.578441812724293
id_7mmcd60iqp,14.386099429513425
id_5f3qz4huj9,25.43983904197178
id_m6vn47j4ge,27.400831509142055
id_mkyjtq0uj7,22.98860821261128
id_dd1qog5gsu,16.16788208279317
id_yltiy4ct4b,15.155383948652172
id_l7g3rwiyu1,22.255186967017107
id_y0nex8ki95,15.579120879036985
id_trj4ropjy6,28.475004656291148
id_xkfnw0mcvh,23.421804312433473
id_j7zs6cpw42,27.77130034838248
id_o55nqbxkhg,28.96958798091359
id_l3neq81nk8,27.824554611809194
id_ft7ki0jjoc,23.814938851768133
id_1doie955wo,27.304154077626347
id_pap3jy3v7v,34.72039384156645
id_64zbc8ou3g,29.60367843218015
id_1ssvmd37d4,39.03869668097367
id_5i93sdabtx,35.231214382399
id_5oej7jiuyx,18.921972804307224
id_es0jy27ww2,36.58197132270547
id_ze9u1sfrwl,48.778850733987156
id_3y84kki549,40.907220774152876
id_glm9sjal1a,48.44873535780464
id_kjp8dcqhsa,46.07663459365618
id_2s4n7u9qbe,20.11344224547079
id_57l2n9hbxk,49.01595910903009
id_0rmqw3hqow,43.86157879253879
id_uc46nrbgzu,50.578875685227445
id_zck6gqoy8o,57.79743346275225
id_kmohqwxbue,25.959137526278766
id_dswkvfgg96,21.345368087312554
id_72kefc7g3s,16.95608159473145
id_fsdqdwkhec,21.878811049913374
id_yaf7kh6asz,21.326342141986412
id_d3xd7t76g8,33.506905554979085
id_ekxnkkalys,17.957685251965135
id_foo1qhnhh4,16.1213789257656
id_4gaub27eaz,16.04410967810748
id_u8ysh8pwg1,22.57913346828102
id_zwxals7wca,21.7590499907393
id_qs4s1l5v79,14.057927196250503
id_k5fj3oay3x,13.656539093765112
id_3bwp89pu3m,17.27577685962559
id_e9eglkp5vv,20.641799605104122
id_t4qjrlzxns,17.641376480204663
id_kn8xo43og2,15.849299489817994
id_48859izqh3,13.26584997558032
id_9967xanbmk,17.26849287769783
id_eh3ys96anu,19.258966346837987
id_5bgqsh9x4k,23.41148306704893
id_jwouft46is,17.129073104718284
id_3ck9tvimgh,15.542056530804768
id_n6s7duali8,14.856630835536585
id_6kgl1almmg,15.64136839968609
id_gxefptsqvq,20.584799208719666
id_ygnr1sn381,28.049474641866787
id_v3y11kgwad,31.136917288895003
id_q2fgzp3xx3,15.64078021146846
id_s7k292eya7,38.4750929966267
id_jt2rysim4p,28.321422665720583
id_yn9vzuflej,31.215681661377463
id_362cko5nwx,25.64124629252296
id_d9dv3lr4k1,25.48410103449245
id_10un4lyvek,28.005916720205782
id_z0j05634v8,39.70067840814194
id_txhxlogsxn,32.661731031318
id_18c3488pxk,24.17625400210691
id_la1ypixght,22.476927110248813
id_t9njgxp6v6,29.483214323978036
id_b8yn1i9rx8,25.562108034757788
id_o2y4vg1agv,37.362243414175865
id_fvx3zhir92,45.22235023469595
id_nfj7rfs9a1,21.455096756808725
id_b9q3y3r7t3,23.974644596133682
id_yio3jfuvmy,30.680748981865687
id_54qfk101o1,20.913478754994816
id_vox6mwiloh,13.654199283321855
id_u1xceey131,14.902746664823606
id_dxpgh1o1t3,19.94775733466084
id_2ujws46vir,27.210542330114325
id_2n7hyhtkrb,24.656498425071756
id_4779bmeme0,26.35269335359192
id_b3eztfwajg,22.5988573023113
id_f33f3mdfla,22.97111043017212
id_xkpq6na5ee,34.28876446188262
id_3ihace1d7c,32.93484202378504
id_z6wylocn17,30.66661370096754
id_pm68i3c3wd,34.34459142635703
id_trjqjao4jd,29.22585079492612
id_1w15d7g4ge,19.284449655532324
id_3aici5cdi6,21.82895574962132
id_kbloxrog5z,18.619721946456465
id_ovmpiycff0,23.81085247767241
id_ly3xdcti5t,23.98085601153923
id_qb0ptrppyi,23.73724803672781
id_wxb5nd3qgd,28.733197015365153
id_1ry1ir7o6d,24.966113575899325
id_6wbo7y25e7,18.972808289445027
id_tse3bpfaes,14.800553965305053
id_9n988uuhtq,22.982594039027337
id_nzhdqdkc5b,16.015732906931746
id_4gabr5bciq,22.908316306358362
id_dc61oe5crn,27.913374600471673
id_7lbdu1bryj,27.014377300657916
id_mhqk3070i7,17.451731079346406
id_thtyylis4v,24.163793524477438
id_5iiheoohcw,16.659046364478595
id_vjiqa7ykcq,19.511592825829418
id_638vs5aq61,19.474089919081234
id_6cjnt5825x,24.056359292123798
id_534km866kg,19.084165267193633
id_fzkvzetszz,15.11345237336074
id_uwuc9e0lop,12.79806024717594
id_ncfz0o03wc,14.827940166906917
id_1sd88o70w0,21.744780215702637
id_9q3xoxtkc5,17.891082112154784
id_9xf47hwalo,24.25763952501453
id_c9e6k7t8xv,26.314165783956707
id_60hy4zghxo,28.42615571154956
id_vcj2pr28k2,13.254079325888961
id_nik15zq29r,20.538107484615953
id_gbsfx2i90n,18.941079546723973
id_sm9wfzdrfb,21.676432883882658
id_wa0hhql9xd,17.75925753172293
id_xyicbz69wn,15.456838815530578
id_fzfp1gfiyc,37.840267797682785
id_6jd6rh3joo,19.997361382348146
id_hohuu1719a,20.064840450913895
id_45rgo61j3e,19.94964640569008
id_x29n2ig0by,17.081367529858028
id_6pqpt4bc2y,22.07728791989661
id_kix768jdnh,21.777017474776187
id_p4u0awuwyi,17.361558912869373
id_5pkc8dc3pp,19.08406508630546
id_o8g3g3fyi1,29.673824099272824
id_gwi1towzf6,37.21752148436727
id_tl446ky5so,13.782845803902156
id_fv0k1xke9b,20.183306268253396
id_17qgwq8hor,15.784871483430202
id_h169vb8h8d,17.243993822272326
id_vuv2g91m7z,13.282739799568285
id_o62drksqmp,25.194966027231143
id_uvitqz5bhf,27.37241166815288
id_x1v4xuet0h,22.571879402450374
id_jr4seoen2w,17.750448687453687
id_q1efjaqgq0,15.637417171975276
id_ji3o8np61b,22.321889631466117
id_vp8mci8xh0,15.655916937178443
id_x5f7i7wjcu,28.429872648753562
id_eej779rshs,23.43547735924489
id_l9g1xrh5vp,27.873198572016886
id_9qz231bbzd,27.868379145869678
id_3jf3q7rnyi,27.837533814314597
id_y2oiminmvu,23.35975340898787
id_kj1d4jsmhg,27.303021956350523
id_b9dbh7l628,34.695085165818455
id_qkxd74j593,28.89003249780731
id_f9aer27ojz,39.28805951458115
id_v6ovtq73uh,36.504210766629
id_dha8u73072,21.23818247551264
id_5cdrvce6lw,36.98161205097223
id_05y9wpsdwc,41.27320518086961
id_ty03p4f7jh,48.424827879541326
id_4rxcuqqsqp,45.36916846098934
id_x8pk6xpjba,19.738385933352866
id_rjgh33lh9s,48.80751695940785
id_07eag0levd,43.948894228127855
id_vxesong654,48.74997255766702
id_14j7bt588k,56.45382872952139
id_f63m71zrb3,18.55264912284614
id_o0xatx0hcr,19.04301010527182
id_96xc5f8bgh,15.813578972709259
id_0t0yv19f1q,19.202203223941268
id_dih5frts8q,23.82498636708484
id_trmmfm32qe,24.72812547511225
id_hu3sq815oq,17.46950766373345
id_cxfmqit9ap,13.394434079745906
id_7izfmpd326,25.451967518677588
id_qd0tkswd2a,19.39132124076668
id_otlb3hargz,23.11909651632436
id_st47fowvrj,19.029578387109805
id_4h4pdth392,14.408534418422807
id_g8trb7wy8n,11.896344861551958
id_1wx11gvom9,24.68674871834415
id_rvq5ol3w4x,18.22802917953133
id_7sttnrbjre,23.365768438634294
id_pip7eoyzmk,25.879566314866942
id_lb56ukrqt0,20.150953241992934
id_0hyearkq6o,16.956668629001182
id_mr6v3oygt6,21.899584061574238
id_yzbu3830gx,21.232705677399483
id_94p4j6yomt,33.37823317352053
id_53xsefo8ab,17.958272285316742
id_ymuv4r55o4,16.12196595911721
id_nqkiglgq9k,16.04469671145909
id_q6e19plrfx,22.579720501632632
id_poxowfpijt,21.759637023172697
id_qgt2oyneg3,14.058514229602117
id_kr9teempq0,14.739387752346918
id_q43rzgs3e5,18.176971000525345
id_uk0j14fgpq,20.891631423804526
id_h45ejiaqqh,17.641963513556277
id_u08b48hrcu,15.840036306957426
id_jdgiv3t50o,13.266437010666742
id_8h5gfrz1ja,17.26907991196814
id_mslk5ay6w0,19.991326651187507
id_y3hecd28lq,23.00419589925625
id_9cmmjowuen,16.977964603974517
id_3clagfxagj,16.09826613811169
id_8sttc3ns1m,14.78750899931525
id_uv4kyh58kt,15.764960450965482
id_zmu5hapnm7,20.585386242071277
id_ybt3e2qbt8,28.050061670933793
id_yvdig97vvd,31.13750432224661
id_wbsyjlsxkt,15.646713413074028
id_39gbv940fx,38.26177067738644
id_78sb1wtf1t,28.759916101340664
id_o191u62lgc,31.216268694729077
id_na0qbpl8m9,25.85224030837661
id_daa5h53t2o,25.484688067844065
id_z1zg8tcsm5,27.78514064923088
id_dkvf88hlsn,39.634895463898985
id_qltsdtf4pb,31.999465121188063
id_rcnbilmlv3,24.13651500111783
id_rjcx3o5cyf,22.92645133570851
id_dcvlcfgert,29.483801358247707
id_jujywo4op0,25.656164837272375
id_dgbg639yj9,35.4972749418301
id_rifhty9d4h,45.22293726804756
id_4cz74rv8a0,35.032583840418965
id_rjuh3wooi0,37.65740870805216
id_26raoqfw3b,27.833495798824448
id_yleyy5sp4g,27.357974674866636
id_7lq42pqlpp,23.143240696096896
id_x2m1scwodc,22.178746263281912
id_fs6ppj71si,18.738798688200557
id_0kq8v62wnx,22.7673957165993
id_qrf9ul8pfd,23.093706418779366
id_7k9rf681ac,28.12418964711276
id_0urpsxojw7,24.607150776674775
id_oj7le10r8n,27.090072250737382
id_8w44b89inq,17.627461458764184
id_jooksgf7r5,30.654461801705484
id_zjwzzwzjvp,28.45441401930184
id_hit20lvy91,25.7694964993422
id_yjzrxrwvr1,31.990477054939102
id_ba1airy6ru,20.197429854440518
id_fatkzdj52m,21.51902301955489
id_h6j3ijc59m,23.99286299363633
id_r29rhi7ayb,30.6813360152173
id_n2328yoyny,20.91406578834643
id_2i3htqk8wu,13.675075291422964
id_y8t6iz10zy,14.916158299212551
id_j2xlsmt1az,20.52225969392377
id_zul4loljtn,27.211129362546824
id_5lfy1u1m5t,24.728691453178744
id_4r448lp054,26.353280386127945
id_ks3yurf69t,22.80607164352703
id_xlx05ev9ep,24.09610130465435
id_ybqhvfmvb4,34.92395302443073
id_osbg0v4o7k,32.97645744375019
id_34amm2jgt1,30.639722235544458
id_651jn1ycqz,35.22205851761237
id_bjh20jwc0s,30.844840576038802
id_ev56qyrn6d,19.316469207293867
id_8zf79ts7q8,21.82954278297293
id_fsat380gb4,18.620840978791602
id_5y6h6w77t4,24.01137726708419
id_ux3m69xsv5,24.448136561791312
id_4y4b5x6oqs,23.950563203185776
id_4cmqu4avth,28.733784048716764
id_gd9bm0av1u,25.073438662307577
id_wkp093zyqi,19.181141696601895
id_ubo7o5c61g,14.84691165097722
id_da2q2o7k02,23.06628768323993
id_sfcmtklyr8,16.0180841272209
id_qon3ototf6,22.98461486431316
id_b1pwwzubs1,27.913961633823288
id_idrbyq1iwo,27.48400869025462
id_eo5tner8f9,17.452318112698013
id_dsl16jenz6,23.681202983821372
id_v5frf00iux,16.756599793209094
id_tijwl63sul,20.38334525450475
id_4nertyfo2z,19.39398862260792
id_1h3y0ycsbh,23.61261968591264
id_5ew52k2xfs,19.968224667048457
id_c1hedne5tu,15.114039406712351
id_drxgi1b55w,13.379754775871099
id_b764z0tp5c,15.635745948478945
id_n3ksb769k6,21.745367249054244
id_jvruvalbrm,17.895751386717407
id_qv4ehj6p1w,25.260807325703148
id_jxdgurw8vk,26.31475281730832
id_2ymafuhxw9,28.940282485471204
id_xgqoe9srqb,15.030389832390735
id_swi6t9g6aj,20.538694517967567
id_ttjz1pj6fm,18.941666579871484
id_8xv38j3a4z,24.705873048600235
id_yrqtamezkd,17.762602477534923
id_dzmpo7xtkf,15.457425848065764
id_u98r20l7ih,37.841033799889445
id_15w4tm2lvc,19.884687290924262
id_f2rhz6xl9n,20.30068699305069
id_so3qn2op6b,19.950233439041686
id_j5evcz5irl,17.081954563209635
id_4hfhscd1n7,22.077874954881242
id_akaaqo1io1,21.777604508127798
id_677lexrm68,17.398236436760858
id_4555ud3olu,19.237351759204177
id_b0q1fq9sgn,37.55054530770869
id_lbljktjgzg,14.504350378945304
id_ph7h4vs00p,20.325526016839763
id_8k0yeqq8re,15.819581669315447
id_0z3pcoyibd,17.244580857257883
id_riellbxfqz,13.216746182146533
id_22067fyb6o,25.195553060174813
id_fcxnbnpbtq,27.40028642080915
id_058r7cipy5,22.77191029995075
id_58g26ly3b3,16.313946173647942
id_hfta2jdk0t,15.638004205326887
id_l0z16v7e6t,22.258502034337813
id_z696ot1p1u,15.65650397053005
id_ok22kq81e3,28.474459567958235
id_8c4sb9ee7u,23.421259224100567
id_j83bo3ks17,27.87378560710356
id_8vcb1z1tah,28.14221024979447
id_cfy6d3jhx7,27.838120847666207
id_krv1ca6cfb,23.814393765273216
id_3d0miob1p5,27.30360898929344
id_iib9ayuluh,34.69567219917006
id_t5k9sx5xqf,29.20877492406792
id_zkw0mo1z9v,39.24934188061155
id_sjwqgvoa6l,36.35024948071252
id_vzxomw7xu0,21.19236118973404
id_ig9ksmea4f,36.45233907761727
id_p70jdvpgtu,48.66404045990109
id_m0gtw6nh7p,41.27379221422122
id_i0y6y5f0km,48.42541491197282
id_hyf3spl0wf,45.398118019238126
id_rshwplefjs,19.898075592629567
id_3b0x2a5kdq,48.80810399367999
id_7d9vzan37b,43.94948126153052
id_1ma4lggm82,50.57815843284679
id_pym8ooemqb,57.15319527509264
id_b0ww1vi7ut,17.490870599058983
id_43huts58gh,20.595893344929564
id_ivuzjmumge,22.961416837209104
id_643x1kcl8a,29.649917786916017
id_8c62htwyf0,37.98980860800964
id_gbcegwehwb,22.115199782057612
id_hx6qnu01o7,27.951933430474295
id_r69gk2kevv,24.15164856771295
id_rfr69eoy4e,26.1257358932947
id_p815xbtmh2,17.326897226040465
id_q4htbc3mv4,31.102776975405735
id_3qu1qg5an9,20.4405200257229
id_jxt2raj564,19.25481423814863
id_whkxth8443,19.203564645895376
id_r5h0grolrb,23.948233372586852
id_gqz444p0t4,24.264634259317315
id_cm6tbu9klf,23.01546221371853
id_6gaw1mpb98,15.506172827364967
id_mi6cveknqi,23.246559821660256
id_hrztm9t3ga,17.403990081141732
id_2f9mvhe5a3,16.921058385882436
id_yrz4dphzc1,20.76133191614507
id_zngjgoo2dk,23.293536079681605
id_pxwxzopg5w,20.357942585797826
id_c40jzd2xtz,14.739029712690204
id_h0w3y9kfum,15.824444437169884
id_78loal24ig,28.47664768981429
id_a6zbnq2jfl,15.166365101196288
id_dwojdf96vz,18.762904539117958
id_kh8t0u2ykn,14.8905641191925
id_ulncgfoozq,20.004802143114475
id_bhaumyn0jh,19.09262579624423
id_75yu6r1ix8,18.834551044247416
id_nvx1ah4m6e,37.65483920187697
id_4szygx4nu4,15.453253180061377
id_cfhk723676,20.326095124585635
id_rt31sygm68,15.818323668178873
id_dwxwdulu8v,17.578465829075455
id_dclo8jsxow,15.287209112444682
id_u0imoqh2c1,25.75434337793436
id_a4d6g1lekm,27.04520321730923
id_cwv9ah2kuk,22.98863222988184
id_1583r9rcn9,16.116653354373145
id_55v93496t3,15.155407966331257
id_p6iewno0go,22.317440675057455
id_a3wluzck8n,15.44223151946656
id_tg3rfg73mm,28.47502867264246
id_haijdo7a8j,23.0150170183065
id_aukksta5ut,27.771324363101368
id_vwfdch92yw,29.747701229354927
id_vr9rjzdio6,27.05441384864169
id_hq9rjuwiqd,23.81496286903869
id_plkyx8w8df,27.30624430757506
id_mps4kqn7xr,34.744008864550224
id_ohn2jvlaqc,29.800440916817617
id_r2vvygjx7z,39.040899898980086
id_8ythlcs4u6,35.22377058617572
id_wgho99po2u,18.90054032478106
id_y9o3zgw71a,36.77982256966027
id_5lp79xg2n0,48.77887475013456
id_vni712633p,40.80229417766705
id_j2425ljqo0,48.479404819645595
id_01j3m051aq,47.14544250165051
id_r0n1tbsc8k,20.11346626304772
id_y7ffq95y6e,49.10338991521962
id_hajr115naf,43.66884585965229
id_vvmmry71u1,51.25674085898416
id_vp5euuu0a3,57.59795175286324
id_cu85lbcwzc,23.36029572380824
id_p83lwl7p4d,25.474404575788377
id_xnvv8228h2,20.22265773412477
id_t8sup9cci8,17.647955730863234
id_ryshnzfv4d,22.10440548539774
id_h8xe0d6wnr,21.32678832874529
id_y3i49rn3cl,33.37114458583703
id_q2e9lqyx5a,17.71460795891713
id_rxs1idu9rd,17.266541737646165
id_4oegd66w25,15.938591389114425
id_bb5wq93x8f,22.68559365993339
id_52ecm6umwm,21.754164308337707
id_8dwwuytb5v,13.931683280228107
id_zzjc7k91lz,14.772701963475008
id_13zklidhjm,18.485902787035915
id_3987oyytgm,20.624346185539107
id_vrhp90mg8w,17.636490797803077
id_qxd7crl1kv,15.824274028598943
id_c3yqmpgirm,14.165408966691558
id_m04u0g3jmm,17.291452969611953
id_oh231618a0,20.36060423632219
id_mq7wn4kpnq,23.412862300088268
id_1s9kt1d46m,17.63731156540971
id_o2jovbwixk,15.744201618444048
id_lbks4puqps,14.932537086753449
id_s12qsk2fm3,16.285178067867093
id_oy724ak7cq,19.377722617844576
id_g27rgw6pl8,28.04458895773143
id_uvlutbrlhh,31.132031605779215
id_uejyos5gh3,15.717330184511312
id_9hys0algtd,38.851887338356605
id_ga16h299c7,28.934764592947868
id_gxrrg3cnlc,31.210795978975877
id_7mz1vu7g4g,25.95520485092271
id_g2fmh836nu,25.5756269255661
id_yxk6h4ayeh,28.051284342867636
id_unsewqvn1a,39.667201801631876
id_1e0dh5jqvo,32.51726781480333
id_ieyz0z6h0w,24.066584457389887
id_t72jq7wg7f,23.128377943854776
id_h18rx6y3e9,29.541469973439998
id_70v67oh9n6,26.16890366563216
id_jmw9nldr1w,33.44578586287771
id_484spy9w6i,45.217464553009236
id_g65c62aekm,35.405212377946114
id_wv3teofdra,37.65193599229896
id_inx7pj1zao,27.83044681117345
id_ny05t5mh1p,27.119402591751143
id_u5tjmpvirk,23.121746889271375
id_svoeh6do9g,22.93654676053055
id_m25fiokemr,18.73332597316134
id_ot5b3e3mun,22.920161147778078
id_ssjjy0d17f,24.137342035468098
id_yru4k5km7g,28.549361255806122
id_gr9x49t37w,24.673091277874374
id_dmyl2a0wte,17.62198874046003
id_hc5646p82r,31.000904147527617
id_elm57z8vqj,30.19886169496853
id_u0fstcz8di,25.151996932337372
id_qttfy8k8h4,31.95663608171633
id_o3axo0etr3,19.744712487303335
id_2q9jp9vnu1,21.94273875365769
id_q6ms0le9xj,24.451064582895853
id_f93eoya8id,30.48553231005567
id_hueq8wmyii,20.830018239778145
id_lf0lyj77n1,13.664610483780507
id_luf77c9for,15.143904872091728
id_d0ssfcbe7n,22.05283735856231
id_qec98cuhd9,27.080054429011053
id_kj1jee85qf,24.723218739260926
id_tegcy3ymge,26.347807670374745
id_qtt1ub0cqr,23.430068775058192
id_f0n6fd1fzf,24.564959873929038
id_h1ar66egyc,35.855251323670316
id_81jnrshsul,32.929956342913584
id_jcg12akmp5,30.634249519791258
id_aq2pxbmh6f,35.07052386929941
id_e0qqf76fzh,30.167210915747713
id_wg4g9os7j0,21.084522333020473
id_3oodaxb9y5,20.56775609430466
id_kbmagd8awo,18.774963866726157
id_j9h3i8oh4m,24.78153904507
id_hasyime9kt,25.208855598732786
id_sp1rci8n6i,24.24516519800437
id_pyl3gv21d1,28.862159339791084
id_qal583nrjb,25.634911240020752
id_0jahn21yg4,19.84672373138643
id_cdgc01qbv0,15.203753045648828
id_i6rcrq03t3,22.18747024691287
id_8u55jf04b4,16.0126114114677
id_m6pipj4ki2,23.64826012306239
id_gy8s836zbx,28.175324127476674
id_0uh4v68wol,26.940013626341514
id_7fcx2np47p,17.446845397659164
id_6wr20e0qhu,25.103362832165278
id_tof6i4dxr8,16.751127079294054
id_k9y121i3q6,20.775196451236038
id_ufnloy0p6l,20.410221563728467
id_bmbz4ag2h4,23.607146970873497
id_66fiqi3hb7,18.49413294845708
id_ao488ekn63,14.612000592735328
id_qa08032ux2,12.816039311289785
id_dksj4loxk5,15.944979878561885
id_xcnbk7we8b,21.680152386755662
id_d01xs14b12,17.654127002224417
id_gtbikppc9b,24.16598224510521
id_vexdtontsk,26.19281597303582
id_i2u4lru5pj,28.969569416363708
id_jd4dzel6u7,15.220383896188789
id_lpa9r07z8b,18.547515665548598
id_51jaijw22u,18.936193863607965
id_banl3q7xba,23.706292128252766
id_vutwngujan,17.760554914479346
id_8ymb5tnc39,15.612987063808198
id_5o92himecd,38.535814519688074
id_j65gxna4nx,20.139963864989276
id_ox2wsaw3ia,19.99876032175781
id_k2707sckem,17.31968277309689
id_mpj0lnxacc,22.148959973909033
id_xp21rc9wlj,20.407220787898456
id_95qlrnfn3m,17.392763721721813
id_jjc390qqbh,19.184743291277687
id_5q6ntj5feu,29.689625646289333
id_ulrzxc6or4,37.47536565913617
id_wyvwl4bqdu,15.723449647663855
id_f5b42pbalh,20.320053300679266
id_3piuxvnarz,16.04309261199771
id_ujdq27dnuy,17.23910813895204
id_o3842mf5fv,14.044759893478016
id_vt4p2wegs4,25.304093134407907
id_z4g1p19t95,27.494687888179392
id_bhmbzfmckd,22.845063472137323
id_lx1nwyvve4,16.971085401743846
id_4nsm6zzd4h,15.04335879250246
id_9jra8eod1e,22.249169162931
id_qbc2s39kpt,15.651031255592475
id_hwtnn2m6nj,28.468986850570612
id_xmn0zn0jvp,22.711298972013275
id_5022yedndd,27.405361543596527
id_wdxog5yev9,28.27913255445834
id_aokky0eeqq,28.352745734903582
id_1929ukjz7m,23.1301542179587
id_6ezdibfpl6,27.29813627354024
id_muark7nz6q,34.59461699007642
id_l6s3otmx1p,30.082320342119626
id_evzd01c14s,38.3371898128336
id_h40j4g6lko,36.25708004445697
id_kn6e9u36j4,18.855684525504508
id_8j6zj2o5v3,36.68627681018255
id_mdql0oe5vo,48.575743146635844
id_0ejmzowt7c,41.48907703731983
id_l7koi9bqvu,48.5569316323278
id_zq9peruavc,45.40451915779376
id_w9vfge8zvy,20.107424440976192
id_m1u3t8z35l,49.28570415612434
id_2akds1jali,44.20924844566818
id_wejvfo8xac,50.8954862545998
id_wdhrtx9pfs,56.279166412257595
id_ss8ixmpjdu,18.989554542515627
id_8v78f3tzgd,17.564408774142503
id_1mnkwpnpkp,17.877875224517414
id_jxl5nffktz,16.68154864291818
id_k4hums63fu,15.693286111961719
id_cb40n09vwf,31.358110539437856
id_ojvdj9l7ir,16.463157739201666
id_8xzd5q9b2n,43.152944743635246
id_a2oil7cfw8,31.513190735173854
id_3eb707sqy9,33.47286603220023
id_fqpoallv5t,31.02071140779802
id_a0lghu0yk4,33.74879260792143
id_2s5h4jyu48,27.555164622799094
id_tfr1w48698,24.052548364313015
id_jw7cwte35h,28.61962536670401
id_4myw2ppn88,31.150329185658745
id_nu2j6ezn8a,47.49596876747138
id_1pi7rar7w0,37.81746360162022
id_lp1eem68uu,40.3727775019384
id_i59r7imuxn,27.988893889987484
id_jfhvjfzvfa,24.984332977742003
id_co08yelk6i,23.678672027415885
id_ozh35h3nct,25.529035244181706
id_cf9woqagxi,23.65107061540075
id_4pbhg788eu,24.428112022487195
id_xqnx58hv20,28.105853779211643
id_g7e6fyre5k,18.953363738073374
id_i5kwutfr3y,27.85898259944561
id_xl68jb742r,25.873706328891334
id_dcvf785h1y,32.493873431596725
id_n38vpdzrl5,21.50094260703357
id_8520840u02,23.33308784430486
id_27mp59yu1m,18.5123763748497
id_053nn3pbfz,26.612879651218545
id_1hkqlxmn2v,22.94589539357358
id_h8b77jfadh,31.279428316196753
id_ohfvgfke8w,22.93328679073738
id_i89aiadf4j,29.350095587443356
id_dczobb4ttq,25.54873286405059
id_xu9ib17loe,26.397417178742522
id_i9njn3noh7,33.616127623788955
id_90v0etup0d,31.465962448104403
id_9p6b0j3eu6,35.354179752273154
id_xbtp6hvq7f,20.941955810052292
id_4p48d96fhm,20.596245175375884
id_34ll84rx9f,23.23046763719753
id_xvk1eas2cj,31.644568005685795
id_u3byzh8on6,21.686381510868674
id_9mmhnd07no,21.451734656616104
id_tf59fmc5uk,19.05378529954923
id_eu8lfqr566,26.70915636908706
id_quspwoer1c,23.53355651242735
id_1udgdtpt4j,23.408654057910812
id_mp1wgahaac,19.305576748917147
id_ah05rwmnc0,24.844800226763663
id_99pzz5yuak,24.898678382684395
id_sts4gl2h3h,26.737968374175917
id_wkw4zd0vo6,25.320753012935683
id_42mzemmqf8,35.895806989033886
id_pfup6tmwcc,21.97892960694993
id_g57cpderdh,44.63293847026617
id_snv67pqv74,24.730804964299548
id_9htd0dd4o4,32.30350998576661
id_wvy11x9u8t,29.565544770470698
id_biytotjie2,25.501653028881087
id_xtb5hfw6bd,27.404154263620914
id_65l5hak91b,36.89526851421675
id_16p4qjzi91,48.28212365131276
id_fa6j0h18yu,28.177134717610375
id_0hpi956wos,24.980886209674598
id_6llaal44lz,28.536140729740996
id_bg7586se6s,22.097078079176857
id_dr24ka6xxv,31.908079792144175
id_zova02slaz,38.981473901457576
id_4aa970r08o,34.991256860031726
id_5v2k81ndi3,30.4994858803128
id_w0w2t7llmy,27.488823940874475
id_3v0pkvcpfh,31.392175837696687
id_5jyp9jh31b,21.929037134670615
id_s851gktvnq,40.004212406325806
id_0c31rjprf8,35.44194228083785
id_iclf8934dw,36.9590792006837
id_i0kzmw9707,37.13008143240653
id_mh8gne9yti,39.58794061186062
id_ztrwp444jx,31.80315859717238
id_7pzbvg9uxi,33.67688004422199
id_zyh4qgghaw,48.745022335862544
id_tirnjget2u,39.38491058298797
id_f89ptvm1ms,51.90109822145867
id_s5dy4d934y,49.25053929417972
id_0h4f1xrjyj,58.67487801170745
id_rbat046yjy,53.799067891394785
id_6o66xnm1yu,61.69023776625144
id_lv893wwhs3,56.89136357608375
id_t6381wgsi2,61.815376715786215
id_sgt84ewftt,54.766497011599114
id_hbt3rrighm,63.44519547520012
id_gmsjw4fd0u,71.1392669938045
id_rfko1do0hk,21.271292123885047
id_zbl8jgb2uw,18.36910752665462
id_1syuqnv0zf,14.510169521599867
id_505znfwne9,18.819813413486685
id_64xsijlwga,20.46491698883954
id_np7zxu024l,27.817190689664155
id_72gfwpdc4j,14.13234758741812
id_0cmp4g2ubt,17.32300206499654
id_e6wx5c307f,16.651400440681613
id_05luzgibct,16.96762646802728
id_13vd6nfqlg,23.33085238454502
id_dk3pcbei6n,30.343235460427575
id_b98ce0qkq8,31.261084750834772
id_dul45idm6l,18.35955836375902
id_t0xjo4dade,42.59609803243288
id_nk6tuv7y71,31.383451843942627
id_eg12ovcwpw,32.27883119847658
id_hlwwfh3qu7,27.42738172203771
id_kkhhupasf0,29.603750751362195
id_gnh3lx8tp0,32.88086254255941
id_k9sufsvlha,30.72446051547615
id_ars5keh0vw,27.426902854561636
id_r3gn7hnst8,24.57861930840065
id_asxb2wtleg,27.317065717212767
id_zbfwtwc0o0,29.467130865154445
id_y25nozzr46,34.59438929871554
id_hvslvvau3s,47.073941835231395
id_ow5f3qjobm,37.83304251437407
id_afzc6ul1wy,38.92752320989939
id_xk9bv6spi8,29.882497047613324
id_cd4wv6i21d,28.241652793667395
id_lhe7t7ml8n,23.99280210304374
id_atxrpetdw3,23.94123588000204
id_0aj1mxix9q,21.492258431356834
id_no5yjlcm3g,25.65174815526814
id_bjvx3ng7q9,23.73145955480806
id_uvoli7jkk3,22.61644514694223
id_8le9qqlixz,28.255187327877174
id_a3jcz7fc27,24.48783648369734
id_793ke4x5e5,19.44143166083904
id_loljxr0mo6,34.863776936526605
id_0v8evpy2qs,30.057869280109077
id_0bmqcvks9i,26.013402940442557
id_ug9e8wl8h0,31.102684853334157
id_aonmnfwfqw,22.63921323564872
id_9h7w4b7oww,23.6758326924105
id_6gxul944md,24.77212892094025
id_8y3pcwqv5b,30.860630827577094
id_6gvnwx27b9,23.04024625293341
id_w0zxvghizq,16.238635379310015
id_wmscdo85fe,17.51275134200852
id_xrbsdkk2c4,27.190611619650277
id_pcqx5u6le6,22.35582398228551
id_6smk5au66q,31.685233636921165
id_xmzhq3a015,23.056960526787815
id_ueml1oc6xg,29.14422921510066
id_tycn46bdt5,25.430509233635803
id_uhm4o38ksa,25.479675339130193
id_zz4zc4dfvr,36.289013722228944
id_3dps54vf0f,35.07151762120405
id_hp0ejuyv3t,31.551691357178438
id_qod41j7e0e,36.27200379161668
id_4s4s9ljllh,34.23680123458465
id_8vmswwvy31,21.424133023044405
id_hgbeyzbqa9,23.268485643841604
id_9eazgq4i93,20.96826358698973
id_15tfvndhja,23.016338199863092
id_akw3lvhlr6,26.99637382174328
id_pdrnzevlv5,26.32743441283803
id_k786vuzcmw,31.88396134669806
id_ii36qck65t,28.104103223132192
id_luo9wejxo5,21.949677298207103
id_dv7y922sze,16.546273241868406
id_zcs5e5jjv3,21.06840894709262
id_nl1ahmmrsk,20.70136566524981
id_n2j1w4zr7n,25.006208066786158
id_edhr3ruhca,28.990206956017747
id_gqpsd6uict,28.478898610349198
id_qowgzlfn74,18.649486410071592
id_qs2l2xtdjm,25.779940172253475
id_4lrdvrygkh,19.45626576937994
id_auybt6kold,22.666457155092925
id_ufe7g778jt,21.080491760986245
id_7324fwd9hf,24.22036753142596
id_sn73v8vz1i,22.439434493324438
id_ojcp5cpvj0,16.01846377967284
id_op1s93i84z,15.767359828124274
id_io2lx9odns,23.182758410683643
id_06zbl7jtc1,18.545497615121757
id_1ttiqk66yv,25.083491068267495
id_4pt0caxqat,24.712061791957026
id_ws58vo2yzn,28.743724925897354
id_tce3ozp394,14.52594875149207
id_q7t9b05o1s,19.233698268072764
id_awrm3qdtbv,22.223023461013344
id_la85j0outl,26.510427439247323
id_i6yqhfapf6,19.568744745983736
id_snwy8kzkae,18.236426276020353
id_6v79axy48w,36.45983640022584
id_4t3anhqio5,22.378917222841782
id_q74mccdm81,18.83851705659494
id_ikn6e0mpzz,20.759213028097182
id_v8txb18kd0,16.81016256227021
id_audlh8gjcf,23.709226046870047
id_zfs5kudqv5,22.64208132056309
id_rz81mldmne,16.333123347217036
id_h4oa84i9r6,19.81601148272913
id_htkc980daf,29.265083691661044
id_66wzrdbk8j,38.32223962325928
id_p8oxssnqa5,12.720308758693289
id_thd2r3g438,21.12948970819988
id_8ac2fo3bzi,19.07330467005467
id_9ukm2znbos,21.51404426670081
id_vq9e0a0452,15.197943756977242
id_8ao6r0by2m,23.88586553713596
id_hgrtbz1nsy,30.734471062066202
id_7dyx4tphmb,23.47509366042149
id_int2pnz27d,19.250463247729467
id_1gi9fmazsp,17.27815369851197
id_5dhzpnfsc8,24.61538644436344
id_olg30s5x5y,16.888134713574825
id_t5523jtnh4,30.187175447142135
id_vqcahchrt6,25.677557732029655
id_fk1sa9hbwa,28.925797190989808
id_ok160agwht,27.819691048808977
id_xu17k53yq5,30.91976079787022
id_xmzcqauw3k,24.286319633957078
id_aour5rgxfv,25.78876854443045
id_nujzd9pafg,36.25595161156153
id_icrv4paofp,30.818115358966896
id_9yatzebc2c,40.68466502407789
id_gtjn6hxle0,41.44899165239997
id_m6f7hnj4t0,41.10922979412999
id_1v1fi85h14,49.837953640172316
id_7sp5685ieu,44.51642213776118
id_liqr0uwqrd,50.58640551567201
id_03lwil97qb,48.91525556213804
id_b3j3fd3rmh,23.37780743646773
id_sifhxybxky,25.08916417951579
id_hz8r2su7q1,17.952944002930924
id_idsihhjz6g,21.22848478703447
id_o866qvk74p,17.86209929211536
id_0u1n7gtyxp,15.769301513826292
id_lyrsajp3xp,22.523995730658683
id_bzccsloevv,13.60695110097317
id_9c9z014n0r,15.1873379826071
id_0che20octp,20.87669069785416
id_8lyeumoumq,15.826952698344446
id_9wiy3lc33n,14.036361188028145
id_9a78zekrny,17.48750744918229
id_59yb1kfkkt,20.592530194338167
id_5qugn6f0n4,22.958053689169198
id_ch556d7iza,17.706155808080172
id_yljh4w9iu6,15.746880288087624
id_cngpsdvk41,15.202066478383987
id_cpc394pksr,16.083522923320707
id_9e8yludv11,28.03804975702673
id_wmvjf8lqx7,16.183952464109204
id_fxa58eejly,45.2013909577484
id_lrnh9ds8zh,27.131292316949388
id_14c1s7ewjb,23.042317326542626
id_8h35d7as03,22.111836631373027
id_pirch232ad,18.62046970603874
id_l2k4cwt2y4,23.042502020953894
id_bv77jcdr0q,24.19265896006615
id_fdqc1chspp,24.148285417121176
id_62ln78y7zw,26.990660921482604
id_r6uupiy606,22.161298715675766
id_pkr851vgsb,21.113954218563617
id_5dt20d24kt,25.089514275051062
id_14iduc4f9l,35.22117530865363
id_s0oyk7nplc,20.51243526837433
id_ohoxj2ghjr,22.367694668684578
id_lx42qav5js,24.261271109440624
id_7y4q699t9l,26.451334041858455
id_dp3acipvh6,22.19014891910705
id_t5pefcc5b8,23.296813483764662
id_lpt30pg4he,20.12253318607328
id_3t6sgybjdl,15.326646034825227
id_9n0a6kx46d,15.933822608169752
id_slvqhia6kd,21.77519630773097
id_8ulyzkbx2b,17.570992268538635
id_jo0fplisra,15.223062567668762
id_dy11ridu3w,18.670362702683608
id_3qf6thp1zq,27.121375626379585
id_irq21mxj78,18.829751910189874
id_w2cuumaw3w,37.65147605128611
id_nwr2vpkoe7,15.44989003089907
id_u3ih52igtc,15.81496051901712
id_o1esa8wsif,17.465725277795833
id_gwxneemm8m,14.162469140810309
id_mktr6ix79w,27.39749237837442
id_2ptvfeal81,22.740410684458293
id_elkdukvihq,16.081980975534158
id_qwk4cugilm,16.142637033107675
id_1oz3u6pwhi,22.251847834410974
id_y0xvef09vq,15.438868368875376
id_23gmc7gsmv,28.47166552460426
id_r0m6c354qj,22.653649912989064
id_r0sqad4l78,28.050858119149375
id_ghdqd5jsd3,28.722372495286063
id_x8bwqtepbs,28.065501202605642
id_ya5dvzycq5,23.811599718447507
id_9wue1vw0je,27.302788136910326
id_cv0ocjo7yc,34.989525006911535
id_tembu3gfxi,30.084999013599596
id_jtuteue33p,39.03848056221349
id_lzg90mlb1v,35.2204074380376
id_z5sz4wfbb3,18.897177173475566
id_po61337o0p,36.776459417227514
id_u3ds0qs0ja,48.77551160025787
id_ux2weabz73,40.89600650546268
id_8ew9nnhjzb,48.55961030380779
id_lpk5vf71ew,46.54011260575034
id_haz6ywphnk,20.110103115009213
id_7r1kfjjh14,49.226902008908894
id_663tkhfuc6,43.714961836240875
id_z9c1h7fnjj,51.25337770910747
id_9dx037ij0q,57.40715821397154
id_f67k2oy6ky,34.61904598410325
id_cphmkwhhm1,30.196287060918774
id_jhqjrinix0,27.36379438928922
id_n5se9alz2t,22.18007004691724
id_lcbe5mxkum,23.948312187399623
id_4fe6r13wal,23.96974747253243
id_ijzj8r2su1,25.67581684964455
id_msz2inba0v,24.796800024874837
id_qd11jjsx2b,30.87183146604116
id_b47e89k3ve,27.056151809534622
id_7mb9t9x9tu,37.53541152432241
id_mvbhi84jmq,36.74612342335266
id_3yqqem9nei,35.48837960796661
id_ivvauoj9x9,26.708751323262387
id_3jy613lg44,31.54992717062805
id_m91x6rqccu,32.43185503709796
id_8q076jp0mr,27.183452135489702
id_4zcmj012is,31.56481479164614
id_kpjiqdh6zr,26.8459665726193
id_dfajl055xn,28.536075084087603
id_frm2rh8uv4,34.920613050760565
id_yo72un0uym,24.816484382390694
id_wa7g7cyrfb,32.30417314083657
id_c0600luvkg,29.28501134322536
id_55u72g0c0l,25.502316183930944
id_efc4gex2lq,27.404817418670774
id_cdwfcwcj48,37.057013156771035
id_yc1gty3xqz,48.24458937493591
id_867am351jy,28.177797872660232
id_sf4b9w2jdc,24.981549364712127
id_vsa8h55f8i,28.503720453384428
id_ovpfocbku2,22.097741234225964
id_xbgzqf0szs,31.90874294719404
id_15v5x12fo2,38.979214556688135
id_gxgs0b70cv,34.06479965494066
id_g13m7fp2dp,30.613713748455996
id_cav3ox8jtj,27.6159647368331
id_vhu174dncs,31.030908584971325
id_o6tcsfwljz,21.929700289720472
id_98jqgum8n2,39.79721882311985
id_m9og9r3r2y,35.442605435887714
id_abn9ddpwtj,36.959742355732004
id_4zxljdntpc,37.13074458745639
id_y6howqrmjh,39.58176329914802
id_5ke4foxu8k,32.003637684890066
id_hjqgkm27l3,33.510078094415945
id_f5i3m6wxqj,45.94446204147479
id_j8hsu09w89,38.44167352870471
id_czurwxut83,51.741222778712014
id_prz1am7w85,49.25120244923035
id_8bkmhgqh7f,58.6738000718169
id_yz3ljcsheb,53.79973104644465
id_ss72nbk35w,61.68448668362625
id_gix31lwz9r,56.892026731118946
id_n5jqluy02q,61.9829594036557
id_vsz8smmdv3,54.767160166648964
id_hg0e7skz0t,63.44585863023532
id_esawyovxf1,71.1399301488358
id_hc62abtu6k,17.267616496596894
id_r8r0rkheji,19.52973551355808
id_xlindtdnz2,14.85575445514965
id_lnjrpbezhk,25.695468290109048
id_mgtu4ilbfd,45.221473853595015
id_5xqaypkkvs,34.530248176334794
id_w3so8j4bv7,37.655945293349816
id_7w1zp8cjcn,27.83445611431168
id_67uys7wrv4,27.291022680973473
id_r17gddig0j,23.141777282359346
id_e3vuqck2h6,18.737335273748013
id_fhszavu8ax,22.33266806825929
id_luamixbkgq,28.122726231945872
id_kqm2f56xwc,25.009378869189252
id_zyxetqm6wu,27.08860883628483
id_dz8pj6oclh,17.6254908234848
id_adeyv5o4f7,30.522983881577925
id_fz6qqj1h1a,28.452950604747276
id_n87wj2ambh,25.768033083154872
id_f70k3emlx3,30.741152859849368
id_vgoievdbtz,19.45288636222094
id_zh20dby41t,23.991399579081804
id_8bvi6lu9pe,20.912602373893886
id_q160zgg9me,13.653322901404067
id_4626is4jb1,15.10298032004118
id_yb12y6lzfu,22.05672945630469
id_q28sbilqoc,24.59360621118029
id_tum04j3i0k,22.544435751042887
id_rmvr6nrclw,22.970234049071188
id_htvqxawa72,34.34371504525609
id_fz1uc4v5j0,19.283573274431387
id_7b5p3b0df6,21.828079368520385
id_2g79ep4pkj,18.618845565355528
id_iqortjdma0,23.80997609657147
id_le8f4g0pzu,23.979979630438294
id_ekpzp4t5c4,24.24312204087431
id_gesmljsvjr,28.732320634977764
id_psei1suku6,24.965237194798387
id_hqwm0196vz,18.971931908344093
id_69rxifzt35,14.799677584204119
id_4o96zxaznr,22.9817176579264
id_3wrfo6380m,16.01662071246346
id_1fty7ttimn,22.893217845350772
id_c57ji3ham6,27.912498219370743
id_wvw6k6vp72,16.75513637875655
id_0p1s7vp852,19.51071644329888
id_b52rchktoy,19.473213535427927
id_xgf7g7nfe7,23.611156271460093
id_sm7nxaxevr,19.083288886092696
id_pyl58w1gtb,12.797183866075006
id_nqbx4rommx,14.827063785805986
id_19wzlmlzng,24.2567631439136
id_z1hdqiwyma,26.313289402855776
id_5mgd2i895h,28.818895346672974
id_60a72t2cay,12.764716366380776
id_a66evs0aqw,20.153558477087348
id_iuiyr65rvv,18.94020316490862
id_eaknqbzf77,15.455962435144013
id_stb9gc066l,19.996485001247212
id_qaykme2vjm,20.063964069812958
id_dt2xwaz5io,17.08049114875709
id_733wbi020k,19.083188705204524
id_m1jmaidc1m,29.672947718171894
id_iq7tgns55s,37.21664510326633
id_fyy6i6j06h,13.781969422801222
id_anv4htdeo8,20.036492025778298
id_f1xdbych81,15.783995102329264
id_vjajvq9znt,17.243117444440095
id_sqcw91cgln,13.215282767693985
id_w0kn8lsfm6,25.194089646130212
id_d0y2cmg99p,27.37153528705194
id_c0lde7ws35,22.73358940564983
id_nkpuzearf0,17.740676800257525
id_dny7wqpwsi,15.636540790874342
id_mut5ylxif1,22.074842482992192
id_6v6apoias7,15.655040556077505
id_aanbewd75e,28.428996267652625
id_g3wrkoouk4,23.43460097814395
id_nwndwrpf8o,27.87232219091595
id_21ug002h0q,28.283141853411284
id_pd01tyg62p,27.83665743321366
id_wcb0ckggc7,22.731404588777746
id_3xfe9y6qy2,27.302145575249586
id_sg7nyshurw,34.69420878471752
id_fl01fpudeo,28.804749116710767
id_oz6t207lje,39.254483980306276
id_yq2em36nu1,36.50333438552806
id_fe0mlkkqtt,20.42024557672349
id_1lzokw7hi1,36.980735669871294
id_1pgeidv7p1,48.502068014848106
id_lbrv1ljzfv,41.27232879976867
id_ws4vk1maeh,48.421805088672116
id_lkjm5o21jg,45.38707639694458
id_esgom4jjh0,19.73750955225193
id_5wgz7hxu3q,48.80664057830691
id_ce45fi3i9r,43.95770224922265
id_e0fmjam36n,48.749096176566084
id_t9gpc6cl08,56.45295234658211
id_4e0oh24nij,19.18348053142597
id_wcvcujkjfa,16.897179577293915
id_959hw03dsc,19.30923505966883
id_mfcbkrkwil,19.94431603344716
id_it7jxzllrd,27.848209558923376
id_8stz7b6m3b,16.058366168266023
id_6w3q8g9iws,18.099135812792973
id_w0ee2fe65l,16.68088341498541
id_fhgz7wzae3,16.204866000955725
id_w2rchmas4e,22.61509507793398
id_jmo9wtwu8m,31.471854969710403
id_uerluxmuy9,31.591259088209117
id_22yl0qw8q4,16.88896959565399
id_a9oc6x2g72,42.64064926696662
id_qbhgqc4yet,31.512525503262705
id_rn6vcvicw5,33.47220080569461
id_ytcdi9ix3q,27.036400918159295
id_qzfdep9u3c,30.37087221925184
id_33pv489fe5,33.091331454632055
id_u1gjjizqyk,33.637774022283224
id_w4rf4iv383,27.465481711449645
id_3zb1zekfcs,24.473441102959868
id_ertzpococf,27.86970519762264
id_y6ouxkmf0e,31.510427641575152
id_q4dvl9exoc,36.60760680265808
id_imi2dyvmxc,45.5218332092155
id_8flbm45nba,37.80500663277246
id_0d93zxtus4,38.92198861711901
id_xfxo3cb3tu,29.667017067718415
id_h8j2nrpseq,28.345916088117516
id_4gw4m9unp9,24.893272340918667
id_8lqfepep8r,23.940919746455446
id_lbql83v1pa,21.21976926466408
id_18r3kupks1,23.62209494722533
id_bz3fcm9azs,23.655835799972653
id_vxwc5l36hb,23.82119294190967
id_1m3ayw8orl,28.404511694007
id_n7s22ti3u0,23.860388320116602
id_7ml18gt65i,19.090376806328432
id_pu8pv7gwz2,34.42448627962668
id_ru43es0zjg,30.762977462273735
id_n2y5dyb90j,25.87304109769342
id_v6dywtd3ti,32.4932082036628
id_gpm9b55dkf,22.060979289201075
id_envkemqd97,23.767268547553112
id_rm0pa4kk4k,25.27383334033279
id_s1qxkd8ot0,31.407389545359717
id_bwv1d5pcax,21.30205062959583
id_cvbktrmvyp,15.347876577404516
id_k4zxmef1ve,18.59709684530993
id_61jelkjb5z,27.362091480606125
id_0zwlyfwhg4,23.026657380110244
id_pipj3ap8ak,31.696000720185875
id_84xzjh13pi,22.92884074017645
id_zxct0q3dqx,29.32576005855723
id_5vji53n55u,26.461143961040598
id_7mup88cw2n,26.23487799886546
id_fomq0iryjd,35.979187124652654
id_5mq14kf61k,33.61546239769082
id_6tfrbtojwh,31.71887358743439
id_p1syd1j82p,36.47286397404304
id_2efu8wsf0t,37.32814231564289
id_nf6oaj6hmc,21.253282697602728
id_6szo04nr0p,23.25322268933738
id_k3zqwshvxx,20.9161559251932
id_xb9tzd4tni,22.095535450081275
id_1g1133mxj0,27.361735801177353
id_l51e1wtruw,26.53187062322576
id_qgc87e79ko,31.64257679191876
id_2efd5sv0eu,27.590330589228913
id_93di8172pi,21.6844766974135
id_b8vvdmeitn,17.257312004211578
id_ci6fg1tigr,21.04438940733262
id_c1zgt77fyu,18.89132245319119
id_78t3asrjbf,25.823622490053037
id_6oanpv3bs7,29.419693165598925
id_zdhxor1yx9,27.836640884704703
id_hjug95reos,19.215709321822306
id_q5y6b2vxi5,26.70849114186732
id_lmmep6vt6f,19.467032852439836
id_ur485xrowj,23.135785331066547
id_yh8jpakk4u,21.562998331658452
id_xfom70rd8q,23.757787078726444
id_cx4og6dawq,22.42261546849249
id_bxqjc4lu8q,19.42000534068451
id_dfkdged93h,15.626672504256558
id_wpc07nnnn9,18.156783976788446
id_3w6yxmo14o,16.34975957898681
id_9xhx7zdwqp,22.774499762116672
id_fkcu4ryvmb,18.561007421723243
id_iydvhqnjpg,24.703355070076945
id_xfd5bd6mbb,25.24056449581827
id_pnfc3lxqxw,27.05336519725737
id_2fi5bq6vwj,14.358718788224234
id_6viyil1331,19.4533111937096
id_5gwjmv15on,22.39031532408826
id_76bk0rtwtl,26.138687876991117
id_f60ku7tfev,19.249659443500335
id_h191utquex,18.281422284778234
id_wi04z29d3r,36.71187859209927
id_fbntyg7wwr,21.763210370194873
id_v3zrqsqzxo,19.10108003820778
id_bw1b95righ,21.73613422758581
id_zp9ylpq5fk,17.068859404074946
id_t0g20s1n6l,24.618625496119286
id_dktjg2pt79,20.67878559850868
id_mik9bcfz5g,16.618516589127296
id_t7ahyyqmpl,20.49083537446963
id_mu6p2nd1yv,27.647937427072605
id_lff5hw3ol2,38.69527567229879
id_eccaetzkfx,13.023411717781855
id_z5lh6tnhu3,17.65045815415525
id_vg90abt8lg,18.012681392200303
id_b4kmym2z2e,21.243930825548194
id_a4bm9lp96l,14.913645463159181
id_ph0f1whio6,24.778844477079296
id_bn4murbtsb,29.59773345904838
id_mbkfsw8xc9,22.20204428772657
id_e2ybasubxp,19.77975993104202
id_6i3ti67p9g,17.319648406556528
id_bec40ri158,23.596025889316877
id_zacj6i063v,15.073443122774211
id_lol7o2igta,29.61526884772147
id_m2m6u5m8oo,26.271496878093448
id_g8kpxolorf,29.04049028098144
id_w57cuionsw,28.342220966407215
id_64x7iknxnp,31.32702069526623
id_umk48ombht,25.50112475198566
id_w8cmk8r8vv,25.72584227050276
id_vj0wx6wbs5,36.76060699378641
id_w7sma8wi3u,31.46686885553869
id_oqmb5rhi5m,40.81442733363073
id_i4y106oe8m,41.538444960342886
id_biglgqqok3,41.81591447498131
id_6026c6cyn7,49.754175258162036
id_ixvjw5pg83,43.87045724233471
id_w6kanjj090,50.6255354999507
id_qy2xteqn7k,48.705347007647404
id_6oi09e06us,52.74652503192671
id_37za3uvuvh,46.29518356722201
id_e1rym2u84c,50.687673143691725
id_85pjz4b5rl,59.77621853441251
id_ohyxbff88h,33.088350300103215
id_dz40i4pbqo,30.81968293736838
id_kfb0js1w3k,27.628916683493177
id_z6dnfzl23b,21.962501147957088
id_jkeoakg1zs,55.53440497650581
id_jvc6j31d7r,58.55824659792874
id_tp5jxexuje,53.66382791639239
id_dkv9vzan2j,59.001124108264705
id_21jsagai52,54.83955149280703
id_5j5wrd0r76,59.19095232150998
id_hafhcdf5fe,34.11169969207185
id_ng9duxlksi,27.09146380039878
id_1mrr0piel6,22.297169241983138
id_8dlgnof1yt,23.57620196580082
id_ayhykhxv08,24.808199224446717
id_5veb3455kk,29.365547775199285
id_0gw6p17v8i,26.4218648787075
id_h21k3oibhu,36.471114681736864
id_onax36r19z,36.82062700043038
id_kf6alfal6l,35.38241288086296
id_rgm4q6o0n2,20.946170785738705
id_051ag5i4ha,26.867455445239074
id_03ajztlcgf,32.1246028938569
id_h1gdh0ctos,32.53190035452815
id_wea0tzo38s,26.889275918228925
id_d77c6v7xlq,27.47225433155011
id_o5czlw27eu,46.953841196674006
id_z3b6rgvygb,31.13431167201931
id_iwwln55ll9,26.891407760949445
id_ctyaqjhqq3,28.208918619533147
id_bk5kqdpcvl,34.45977128634091
id_lcaeji5kvm,25.30100904014503
id_4iuroyo095,29.6728239116766
id_hwhg2nzcn7,30.105824577941437
id_zfyyzm0tfl,27.225257406855537
id_aks304uagg,36.6398403288709
id_5muf55bxe7,48.107732845755464
id_or8005ins6,27.621829562948538
id_5p0q5jonr0,25.03640576117353
id_qjskvygs4l,28.71513144477024
id_u5iqw2tz8v,23.21068563664208
id_gckh1uiy17,32.292138030027544
id_8uh4onl5v8,39.116053345530446
id_46wh4sy9gi,31.92821401925239
id_zd5wtd5tmi,31.341777731403244
id_8tax5ieqth,27.03926825197822
id_ouo0ii1gd9,30.839899339703397
id_ofkcbq4gav,21.765034052734627
id_yak2zy4o8d,39.715572891529305
id_lmj3zlydl1,35.10855510547354
id_r5cm1bhxkl,36.94279233726948
id_0zbo52y2xz,36.76694547862657
id_obd90peb73,38.71151972651667
id_yubp5ipspp,32.12375961801088
id_q44cbuudsn,33.50856654695214
id_kav1f2lb2r,44.778111312211905
id_gxbkwk0iez,37.86884551905766
id_ek9x8hre7u,51.18968104402272
id_r871vcfbl4,49.379612248623644
id_35iwrmt1yx,58.649417718146395
id_mgt3ob9nni,53.79821949894142
id_ata3d9u9ij,61.49593564329632
id_389jy0txmq,56.58169124864793
id_oaaxhllgnf,62.14171091348031
id_fpoz5ozfg7,55.43651172321145
id_hygp8jfsb2,63.819993786653015
id_tgmi1f70mf,71.18148804656165
id_8xhlkfw0vd,31.198302824819027
id_n02h09aa2y,31.211648679317992
id_vcfstyofl7,24.778616605413024
id_jjreek4wj9,36.78544578872298
id_x7op0k35jb,24.96935289372552
id_m0rro9r1gv,22.136139587475558
id_9ky9s3jqyp,30.607399712165662
id_ohpg2cpkpk,22.343291476923653
id_s13clcy2o7,31.797507715921892
id_2h4f3oh33x,33.68661660798347
id_lzsgsz7nuf,45.13871279807718
id_gnfl6qhq2v,38.972746830866726
id_izavvighqu,51.990652922262754
id_5mk7jbh470,49.244888412935424
id_y78kz2lj7d,30.030523780232432
id_r0jik026d1,47.57734801798108
id_4l552ar61j,37.42670003968264
id_yog4iw8i1o,34.601356135201726
id_pv5p2rds8o,36.38364528727925
id_1k5akrmzgv,32.13572819949091
id_ks7ucfmf06,35.87545547458524
id_15cuw1it4j,34.99970136217722
id_kfgdu8dkqk,38.167477191752184
id_aa4sqe4emy,37.84591044064658
id_zytuipkh4s,31.644376160855526
id_753xfgjvu9,33.5390110632227
id_lpvtn9w0zv,35.491735076013086
id_7asrrizo0g,37.44780938294802
id_8bwlfohvu1,37.614801109721796
id_1hy6gjm6kl,71.25529067604738
id_qsf30wtdhv,21.981397420606655
id_1uv0ibuczo,23.2499204039252
id_80csjj6d48,35.827808468389975
id_n1g3zkow2a,34.1546813595272
id_qjt5kb3u6x,35.081917177139005
id_6e8d5kqq5q,19.892938701949777
id_wvhdr0r7th,22.556857213244886
id_x5r3svy996,19.670241220058237
id_o9ggz31qgu,23.37535679026955
id_gv60syhrk2,28.75800433559927
id_g3j3o1t4sz,27.736235512829392
id_laabpazmxh,23.672735829097796
id_eho4ay6smw,23.46233108225962
id_w8nvwfcpmm,27.995524949561425
id_btnsop89b3,27.94324584353121
id_0w6dn0yvk6,22.363470173787388
id_gpznwpt7ys,16.993925139686464
id_z23dyz3slb,19.38100320501704
id_2ojx7eu8qw,16.071550442606814
id_98t8cdz765,15.435655333669619
id_8f9m9dleze,15.20213352284578
id_oeaawvliom,22.155469637220012
id_ov5yh9unz0,17.482774607276195
id_syrmc724fl,18.748850870416504
id_wsfou7xddv,17.95047880562136
id_gdrcof729w,28.09672222248344
id_yyeq995o40,15.670935363242737
id_mhj0m6vsoz,19.049072208739556
id_d51371db4v,21.615937909890054
id_nrt1xvsex3,18.375102094109213
id_e0e2p1877w,18.553500782532122
id_ezhbu5sh62,29.957572748634345
id_c4pskc8s76,37.70159585715486
id_r0ufs02ezc,15.44372245217987
id_hk47qerjv3,20.655061373414295
id_8qq33hqkxq,15.946404673431903
id_w1qz8bdksu,19.62824973352772
id_n74jn7d5ct,14.523769002375001
id_b2yadnldic,25.434742324667827
id_484yc688bf,26.66436794854594
id_5w25kqbc16,20.571778148012513
id_9n8atixf1w,20.134990370128836
id_5f8seqeob8,16.151083834758268
id_h0d3gkad49,22.669730477858653
id_g7kvipny30,15.626205504833468
id_hmwh1yqafb,28.406270108189297
id_xjzlyzcmgj,22.879279302855345
id_inhwqwpuun,28.142559751710724
id_wsm8a53caa,29.74973751468863
id_r9mlk12372,27.408857291543786
id_oisa8d97gd,24.079719170860795
id_6ab55sm71v,27.308518007860453
id_too46nmh07,35.6135430250208
id_r5m6g5ftw3,34.499653297868974
id_g6vqehwv9h,38.624155921758245
id_na1dwva2t9,36.19270866682584
id_nr83m898q4,38.53408704620523
id_588qh1lkgp,48.624159921015234
id_1k70mcdia8,42.31296940416644
id_4kvsbq5i01,48.1186142590346
id_u90ok9v1g2,47.08270950843915
id_f7jhr0tzyj,20.596811831144276
id_496ds7trwi,48.445895396146994
id_rjedrxh5ol,43.51981393802936
id_iznxqqg86k,51.365767853709585
id_r2nitpoo6n,57.573081602390445
id_ako3197fah,35.9498025068074
id_nprrbmfek0,37.8513276050391
id_bmxffkemr6,39.706830298017366
id_w7doelm7x4,40.97982592064649
id_8z87l1y49i,34.55355174305471
id_ebkjvn720n,27.075384606037925
id_tc14hgelz9,24.574380836731628
id_a574b55rgm,33.48165145269272
id_dz6m95a6g7,24.316182114488274
id_wei7m8hy0n,31.94773783629677
id_hj9g1ena8l,19.1878712950175
id_hxkqt31oj0,35.01718921062701
id_j9xr0ullvp,35.00717775002529
id_dhxexr0nl8,26.24791593650671
id_thyiz3erhs,33.3254287593973
id_vfer04eoj5,27.239108987641625
id_dtjlkdb6na,32.36947346588812
id_wjevf26x7g,32.186461750317264
id_js2e45rmts,32.70925269536332
id_h4sopez1xq,23.617083362949778
id_tli2tt2lre,22.27221852390498
id_nml7r1ihuo,24.555000046465317
id_ny3rzr8dw4,25.484503098216532
id_dgyrdg3c7c,31.361925439346198
id_5xl1ofkel7,26.708447266177448
id_s9z5qdtsok,36.62119101157086
id_wzznck6hr2,35.5406248207165
id_2jrs4cf50t,33.437125454803436
id_zr9i8iyl05,20.048862665859108
id_ywr3489vgm,26.40120168568546
id_40yosi6uqe,31.986311647108895
id_hvj85b4s27,33.24639385601648
id_ve7iodkk5x,28.256865533134388
id_prcsjcgmvr,26.280822995613548
id_urporbfca8,46.70535914278392
id_hnh9veqj44,31.077389525435724
id_66ujv86e23,25.734265935864553
id_op00lvkxjn,28.13488397704639
id_0h1a9dhuum,35.369284230733626
id_ng6gkjkewg,24.361815392773355
id_u3q353kzgc,30.704547632573874
id_ykfovbo3gm,29.289874705524166
id_k2wnuw9gop,25.090089736654413
id_n742fvx1ah,27.14211946913201
id_ecz5hhz0iz,36.59206248398689
id_t3tupepv7y,47.811342257677836
id_touyxi6cd9,27.257331687311424
id_fv0z5li929,24.794583827714224
id_1rbmh121yv,29.1361755518703
id_jxivfqw95m,22.708667832768384
id_c99mmbda9h,31.934863418926813
id_amvzqnr8uh,38.58392309030211
id_vd8i2z3hob,35.374202886045694
id_sq6qs6ygpd,29.582349278294462
id_grfpl7lzzm,27.119550439618592
id_rqzxw5tozc,32.13575961253484
id_74zv2ut2b5,22.551840266340463
id_je1zddxbcz,39.84815916452435
id_p1lsa0r1uy,35.73373189183121
id_466f3sjyaa,36.72487405725482
id_6bji5k248v,36.90132513443153
id_xmf644v3gg,39.36882316720846
id_7ww556yt1z,33.487102615270985
id_1kv2mm53gl,34.13037855337606
id_gogfzwk8d6,49.142224635160616
id_4ijyknjpyw,39.21674391834671
id_51yb1ejvyp,51.81682953593781
id_e8kgwianqu,48.74427384389911
id_01xma9jtcq,58.61576992431421
id_b4c2qvjsq9,54.62881873655384
id_kkxio9kyth,61.855710814802094
id_eo46mly8qt,56.528057795178
id_x6q1xzuux5,60.93546999825725
id_o9paw0x3kv,55.809395935817435
id_rmptreswq4,63.835161162525466
id_t3b2vd5gaq,70.7707457695385
id_1ccceino2g,55.535714073196004
id_pkszxukfw8,51.206249733904244
id_irjroluzw5,58.03035862138091
id_41oiry183k,53.592457004585356
id_cfcgnt1ghb,58.29418923519661
id_sjd7rg1oll,54.8408605892168
id_364xgx2f9d,59.19853317402301
id_fy2bmhco3s,67.5492047623196
id_axh2ddc911,33.85562997365264
id_29vkc8fnf2,30.194914561906533
id_4ohuy386ux,25.691941400477884
id_ny7vfafssc,22.143133500592807
id_is7lidy1mf,23.364460788380807
id_3gzqnrpvj1,25.478569639646768
id_tgs79jz18s,20.149645590812295
id_1vuxj43b5t,17.294072918369537
id_0li1v5bnou,21.260101599274325
id_2rkm63c28h,33.10522683968048
id_u4ue41ptfe,16.1206583072226
id_hqm9ncx8e0,16.043389059563797
id_nm7ygb4b3l,13.86149320711807
id_jh45q5uczs,14.78556060428257
id_8wae60vl8s,17.640655863089805
id_oew1wkaotf,13.265129359486103
id_2blz0nu3gr,17.388193104962312
id_8561e57ms1,19.990019000006868
id_6l2yazaml7,23.162252616433253
id_u8x5imye5i,17.583147065930383
id_3n4fcuig6s,15.967219761266072
id_63yqksu7g8,28.048754023018226
id_vr7oawtyr7,31.21496104354844
id_hucimtkqcs,26.172690843511926
id_en1o2lrl13,35.180729102327504
id_7unrf37lps,27.19077987422058
id_airjz9ye97,23.141933045631255
id_scnvuwxqzg,22.170146571150052
id_e660aintu0,18.737491037019925
id_xp5zllo7bm,28.122881995217785
id_9vmhojq424,24.15630187103731
id_1qhlpx2pcm,27.088764599556743
id_qedyi4kq32,17.626153805032594
id_vyxdm338eq,31.04853634415362
id_g2ct966v3a,23.991555342353713
id_npft5kn5zd,13.672810256734472
id_d9roa39323,26.351972734947314
id_7jxotkoa6i,24.590482893394704
id_io83k3isds,34.96098988060402
id_0phnbrqgvq,32.93567744746103
id_8fhskk4v0o,35.22075086643173
id_jmark42lrd,19.315161556113228
id_4uoyxutrk9,21.46990837700393
id_z3ne71faqd,18.779128931298725
id_3lsi6od9kk,24.4468289115292
id_wnmtya2xe4,22.919848573463593
id_kxpxubm2ks,16.755292146418437
id_jr62xr6pn0,20.72793858381142
id_i1ndfhbqh8,19.472103922485143
id_xbzzfn775f,23.611312034732002
id_2jgxgek3pp,19.484786525328047
id_cz0j93tjn1,15.24522195920299
id_ibjyuosq7h,13.184262367349039
id_qdj44e8qxy,15.935309000342716
id_pr6ybzbo04,21.744059597873605
id_6is3wqphrp,17.933563461331797
id_a19c8qy624,26.313445168678573
id_fccl3r4vhn,28.938974834290565
id_lpadx9ljyn,15.03691512389046
id_yrlxid7w5f,19.710612082758544
id_iyelznc712,19.88337964045814
id_d4zyhlrp7i,20.71575806863301
id_yamlzhxpzl,29.673103480627855
id_69z3k5udxl,37.652962443358476
id_250ilall7a,15.72761470968716
id_5oh31qlbqd,20.32421836780153
id_g0pt3qxex9,16.047257674019047
id_wecofpgirx,17.243273206792566
id_srbbfyzb4y,13.215438530965894
id_9dwlszpc6f,25.19424541154542
id_rx1c8t309y,27.39897877402019
id_ihc33303cp,22.986755473097734
id_efyw9jlc2d,16.501578306833014
id_r4qda17kgf,15.636696554146251
id_ztkiuvq97m,22.253334227503565
id_57vj6lphyj,15.655196318328343
id_1a219llt0x,28.47315191585836
id_7dum8n5jfs,23.419951572204308
id_mprnfw8jby,27.843942973344134
id_4kwyl8vwk1,28.283297618316833
id_hkd5b8lkry,27.83681319648557
id_ugse3zoarv,23.813086112254588
id_2mihn0ik0d,27.302301340665355
id_eq3nj1bw4i,34.69436454727409
id_eztbfv2vvq,29.405087223965925
id_j822qt24o8,39.06471663605252
id_nyc1n6dupk,36.21216334328584
id_5rfy4jo9id,19.20787649245723
id_z30ciw3guv,36.75972757561033
id_cikel8zc0d,48.63512461035057
id_pn6ira1t7j,41.2724845655963
id_etyxjytmkl,48.425013461394684
id_vk4ybuoyry,45.40868422376383
id_qm010ay0yb,20.111589506263616
id_ufglp9d8e6,48.95226251685722
id_vfxihvxog9,44.07123749165616
id_gx87k11mh3,51.03471970660452
id_5yblexf7zp,57.96355670136708
id_c9cycuvetl,34.619783289367746
id_8xu1ardxni,30.793835974660784
id_aumy97t1iu,27.364699266139336
id_cv1dq53hzh,22.223501680188786
